-- Migration 044 — OLOS catalogue seed (15 overlays + 48 objectives + checklist + m:n).
--
-- DO NOT EDIT BY HAND. This file is generated from packages/shared/src/
-- constants/olos/ via apps/api/scripts/generate-olos-catalog-seed.ts.
-- Re-run that script when the universal catalogue changes.

-- ─── overlays (15 rows) ─────────
INSERT INTO olos_overlays (id, name, description, geometry_type, default_style) VALUES ('zones', 'Zones', 'Permaculture zones 0-5 by visit frequency and intensity of use.', 'polygon', '{"fillColor":"#c2e2c2","strokeColor":"#3a7a3a","strokeWidth":1,"opacity":0.35}'::jsonb);
INSERT INTO olos_overlays (id, name, description, geometry_type, default_style) VALUES ('sectors', 'Sectors', 'External energies entering the site — sun, wind, fire, flood, noise, view.', 'polygon', '{"fillColor":"#f9d97a","strokeColor":"#b88a1a","strokeWidth":1,"opacity":0.25}'::jsonb);
INSERT INTO olos_overlays (id, name, description, geometry_type, default_style) VALUES ('contours-landform', 'Contours & Landform', 'Elevation contours, slope aspect, key landform features.', 'line', '{"strokeColor":"#8a6a3a","strokeWidth":1,"opacity":0.65}'::jsonb);
INSERT INTO olos_overlays (id, name, description, geometry_type, default_style) VALUES ('water-flow', 'Water Flow', 'Surface flow paths, watercourses, springs, swales, ponds, infiltration zones.', 'mixed', '{"strokeColor":"#2a6ab0","fillColor":"#9ec5f0","strokeWidth":1.5,"opacity":0.55}'::jsonb);
INSERT INTO olos_overlays (id, name, description, geometry_type, default_style) VALUES ('soil-conditions', 'Soil Conditions', 'Soil texture, drainage, organic matter, contamination flags, depth.', 'polygon', '{"fillColor":"#a07a52","strokeColor":"#5e4222","strokeWidth":1,"opacity":0.4}'::jsonb);
INSERT INTO olos_overlays (id, name, description, geometry_type, default_style) VALUES ('ecology-habitat', 'Ecology & Habitat', 'Existing vegetation, wildlife corridors, habitat patches, sensitive areas.', 'mixed', '{"fillColor":"#5fa05f","strokeColor":"#2c5e2c","strokeWidth":1,"opacity":0.45}'::jsonb);
INSERT INTO olos_overlays (id, name, description, geometry_type, default_style) VALUES ('access-movement', 'Access & Movement', 'Roads, tracks, paths, gates, vehicle vs foot routing, emergency egress.', 'line', '{"strokeColor":"#7a5a3a","strokeWidth":2,"opacity":0.7}'::jsonb);
INSERT INTO olos_overlays (id, name, description, geometry_type, default_style) VALUES ('infrastructure-utilities', 'Infrastructure & Utilities', 'Buildings, fences, tanks, pipes, electric lines, comms, septic, wells.', 'mixed', '{"fillColor":"#9e9e9e","strokeColor":"#3a3a3a","strokeWidth":1.5,"opacity":0.6}'::jsonb);
INSERT INTO olos_overlays (id, name, description, geometry_type, default_style) VALUES ('resource-flows', 'Resource Flows', 'Inputs / outputs / cycles — water, energy, nutrients, materials, waste.', 'mixed', '{"strokeColor":"#b85a4a","strokeWidth":1.5,"opacity":0.55}'::jsonb);
INSERT INTO olos_overlays (id, name, description, geometry_type, default_style) VALUES ('roles-responsibility', 'Roles & Responsibility', 'Who stewards which area or system — role attribution by polygon.', 'polygon', '{"fillColor":"#c9b8e0","strokeColor":"#6a4ea0","strokeWidth":1,"opacity":0.35}'::jsonb);
INSERT INTO olos_overlays (id, name, description, geometry_type, default_style) VALUES ('risk-compliance', 'Risk & Compliance', 'Hazards, setbacks, easements, regulated zones, disqualifier flags.', 'polygon', '{"fillColor":"#e07a7a","strokeColor":"#8a2a2a","strokeWidth":1.5,"opacity":0.4}'::jsonb);
INSERT INTO olos_overlays (id, name, description, geometry_type, default_style) VALUES ('suitability', 'Suitability', 'Derived layer — composite suitability for an intended use (crops, ponds, dwellings).', 'raster', '{"opacity":0.55}'::jsonb);
INSERT INTO olos_overlays (id, name, description, geometry_type, default_style) VALUES ('stewardship-intensity', 'Stewardship Intensity', 'How much management each area requires per cycle — informs staffing + budget.', 'polygon', '{"fillColor":"#f0c878","strokeColor":"#8a6a2a","strokeWidth":1,"opacity":0.4}'::jsonb);
INSERT INTO olos_overlays (id, name, description, geometry_type, default_style) VALUES ('monitoring-records', 'Monitoring & Records', 'Observation points, sample sites, photo points, sensor locations, proof drops.', 'point', '{"iconColor":"#2a6a8a","opacity":0.85}'::jsonb);
INSERT INTO olos_overlays (id, name, description, geometry_type, default_style) VALUES ('timeline-phasing', 'Timeline & Phasing', 'Phase boundaries — what builds first, second, third; rollouts and seasonal windows.', 'polygon', '{"fillColor":"#b8d9f0","strokeColor":"#3a6a9a","strokeWidth":1,"opacity":0.35}'::jsonb);

-- ─── objectives (48 rows) ────────
INSERT INTO olos_objectives (id, stage, domain, title, focused_question, completion_criteria, required_inputs, default_overlay_bundle, checklist_item_ids, output_kind, allowed_statuses) VALUES ('vision-intent--observe', 'observe', 'vision-intent', 'Document Vision & Intent', 'What does the steward want this land to become, and what values guide its design?', NULL, '[]'::jsonb, ARRAY['zones', 'sectors', 'timeline-phasing']::text[], ARRAY['vision-intent--observe--1', 'vision-intent--observe--2', 'vision-intent--observe--3', 'vision-intent--observe--4', 'vision-intent--observe--5']::text[], 'observation-record', ARRAY['clear', 'unknown', 'needs-investigation', 'major-constraint', 'potential-disqualifier']::text[]);
INSERT INTO olos_objectives (id, stage, domain, title, focused_question, completion_criteria, required_inputs, default_overlay_bundle, checklist_item_ids, output_kind, allowed_statuses) VALUES ('vision-intent--plan', 'plan', 'vision-intent', 'Decide Vision Commitments', 'Which values and outcomes will we commit to, and how do they translate into design priorities?', NULL, '[{"kind":"observation-record","objectiveId":"vision-intent--observe","description":"Upstream ObservationRecord for this domain."}]'::jsonb, ARRAY['zones', 'sectors', 'timeline-phasing']::text[], ARRAY['vision-intent--plan--1', 'vision-intent--plan--2', 'vision-intent--plan--3', 'vision-intent--plan--4']::text[], 'plan-decision-record', ARRAY['approved-for-act', 'conditionally-approved', 'needs-more-observation', 'needs-professional-review', 'redesign-required', 'deferred', 'rejected']::text[]);
INSERT INTO olos_objectives (id, stage, domain, title, focused_question, completion_criteria, required_inputs, default_overlay_bundle, checklist_item_ids, output_kind, allowed_statuses) VALUES ('vision-intent--act', 'act', 'vision-intent', 'Operationalise Vision Commitments', 'Who carries which commitment, in what cadence, with what visible proof?', NULL, '[{"kind":"act-handoff-package","objectiveId":"vision-intent--plan","description":"Approved PlanDecisionRecord converted into an ActHandoffPackage."}]'::jsonb, ARRAY['zones', 'sectors', 'timeline-phasing', 'roles-responsibility']::text[], ARRAY['vision-intent--act--1', 'vision-intent--act--2', 'vision-intent--act--3', 'vision-intent--act--4', 'vision-intent--act--5']::text[], 'act-task', ARRAY['ready', 'assigned', 'in-progress', 'paused-for-conditions', 'blocked', 'completed-pending-verification', 'verified-complete', 'needs-rework', 'needs-follow-up', 'escalated', 'archived', 'cancelled']::text[]);
INSERT INTO olos_objectives (id, stage, domain, title, focused_question, completion_criteria, required_inputs, default_overlay_bundle, checklist_item_ids, output_kind, allowed_statuses) VALUES ('land-base--observe', 'observe', 'land-base', 'Document Land Base & Boundaries', 'What are the legal, physical, and ownership boundaries we are designing within?', NULL, '[]'::jsonb, ARRAY['zones', 'access-movement', 'risk-compliance']::text[], ARRAY['land-base--observe--1', 'land-base--observe--2', 'land-base--observe--3', 'land-base--observe--4', 'land-base--observe--5']::text[], 'observation-record', ARRAY['clear', 'unknown', 'needs-investigation', 'major-constraint', 'potential-disqualifier']::text[]);
INSERT INTO olos_objectives (id, stage, domain, title, focused_question, completion_criteria, required_inputs, default_overlay_bundle, checklist_item_ids, output_kind, allowed_statuses) VALUES ('land-base--plan', 'plan', 'land-base', 'Decide Boundary & Land-Use Strategy', 'Where do we draw working boundaries, easements, and use zones?', NULL, '[{"kind":"observation-record","objectiveId":"land-base--observe","description":"Upstream ObservationRecord for this domain."}]'::jsonb, ARRAY['zones', 'access-movement', 'risk-compliance']::text[], ARRAY['land-base--plan--1', 'land-base--plan--2', 'land-base--plan--3', 'land-base--plan--4']::text[], 'plan-decision-record', ARRAY['approved-for-act', 'conditionally-approved', 'needs-more-observation', 'needs-professional-review', 'redesign-required', 'deferred', 'rejected']::text[]);
INSERT INTO olos_objectives (id, stage, domain, title, focused_question, completion_criteria, required_inputs, default_overlay_bundle, checklist_item_ids, output_kind, allowed_statuses) VALUES ('land-base--act', 'act', 'land-base', 'Mark & Record Boundary Work', 'Who installs and records boundary infrastructure (markers, fences, signage)?', NULL, '[{"kind":"act-handoff-package","objectiveId":"land-base--plan","description":"Approved PlanDecisionRecord converted into an ActHandoffPackage."}]'::jsonb, ARRAY['zones', 'access-movement', 'risk-compliance', 'roles-responsibility', 'timeline-phasing']::text[], ARRAY['land-base--act--1', 'land-base--act--2', 'land-base--act--3', 'land-base--act--4', 'land-base--act--5']::text[], 'act-task', ARRAY['ready', 'assigned', 'in-progress', 'paused-for-conditions', 'blocked', 'completed-pending-verification', 'verified-complete', 'needs-rework', 'needs-follow-up', 'escalated', 'archived', 'cancelled']::text[]);
INSERT INTO olos_objectives (id, stage, domain, title, focused_question, completion_criteria, required_inputs, default_overlay_bundle, checklist_item_ids, output_kind, allowed_statuses) VALUES ('climate--observe', 'observe', 'climate', 'Document Climate & Microclimate', 'What climatic conditions, seasonal patterns, and extremes does this land experience?', NULL, '[]'::jsonb, ARRAY['sectors', 'monitoring-records', 'suitability']::text[], ARRAY['climate--observe--1', 'climate--observe--2', 'climate--observe--3', 'climate--observe--4', 'climate--observe--5']::text[], 'observation-record', ARRAY['clear', 'unknown', 'needs-investigation', 'major-constraint', 'potential-disqualifier']::text[]);
INSERT INTO olos_objectives (id, stage, domain, title, focused_question, completion_criteria, required_inputs, default_overlay_bundle, checklist_item_ids, output_kind, allowed_statuses) VALUES ('climate--plan', 'plan', 'climate', 'Decide Climate Response Strategy', 'How will design respond to and buffer against climatic patterns and extremes?', NULL, '[{"kind":"observation-record","objectiveId":"climate--observe","description":"Upstream ObservationRecord for this domain."}]'::jsonb, ARRAY['sectors', 'monitoring-records', 'suitability']::text[], ARRAY['climate--plan--1', 'climate--plan--2', 'climate--plan--3', 'climate--plan--4']::text[], 'plan-decision-record', ARRAY['approved-for-act', 'conditionally-approved', 'needs-more-observation', 'needs-professional-review', 'redesign-required', 'deferred', 'rejected']::text[]);
INSERT INTO olos_objectives (id, stage, domain, title, focused_question, completion_criteria, required_inputs, default_overlay_bundle, checklist_item_ids, output_kind, allowed_statuses) VALUES ('climate--act', 'act', 'climate', 'Install Climate Response Features', 'Who installs windbreaks, shade, frost protection, and verifies they perform?', NULL, '[{"kind":"act-handoff-package","objectiveId":"climate--plan","description":"Approved PlanDecisionRecord converted into an ActHandoffPackage."}]'::jsonb, ARRAY['sectors', 'monitoring-records', 'suitability', 'roles-responsibility', 'timeline-phasing']::text[], ARRAY['climate--act--1', 'climate--act--2', 'climate--act--3', 'climate--act--4', 'climate--act--5']::text[], 'act-task', ARRAY['ready', 'assigned', 'in-progress', 'paused-for-conditions', 'blocked', 'completed-pending-verification', 'verified-complete', 'needs-rework', 'needs-follow-up', 'escalated', 'archived', 'cancelled']::text[]);
INSERT INTO olos_objectives (id, stage, domain, title, focused_question, completion_criteria, required_inputs, default_overlay_bundle, checklist_item_ids, output_kind, allowed_statuses) VALUES ('topography--observe', 'observe', 'topography', 'Document Topography & Landform', 'What is the shape of the land — slopes, aspects, key contours and features?', NULL, '[]'::jsonb, ARRAY['contours-landform', 'water-flow', 'suitability']::text[], ARRAY['topography--observe--1', 'topography--observe--2', 'topography--observe--3', 'topography--observe--4', 'topography--observe--5']::text[], 'observation-record', ARRAY['clear', 'unknown', 'needs-investigation', 'major-constraint', 'potential-disqualifier']::text[]);
INSERT INTO olos_objectives (id, stage, domain, title, focused_question, completion_criteria, required_inputs, default_overlay_bundle, checklist_item_ids, output_kind, allowed_statuses) VALUES ('topography--plan', 'plan', 'topography', 'Decide Landform Modifications', 'Where will we work with the land’s shape — earthworks, terraces, swales, keylines?', NULL, '[{"kind":"observation-record","objectiveId":"topography--observe","description":"Upstream ObservationRecord for this domain."}]'::jsonb, ARRAY['contours-landform', 'water-flow', 'suitability']::text[], ARRAY['topography--plan--1', 'topography--plan--2', 'topography--plan--3', 'topography--plan--4']::text[], 'plan-decision-record', ARRAY['approved-for-act', 'conditionally-approved', 'needs-more-observation', 'needs-professional-review', 'redesign-required', 'deferred', 'rejected']::text[]);
INSERT INTO olos_objectives (id, stage, domain, title, focused_question, completion_criteria, required_inputs, default_overlay_bundle, checklist_item_ids, output_kind, allowed_statuses) VALUES ('topography--act', 'act', 'topography', 'Execute Earthworks & Landform', 'Who shapes the land, with what equipment, with what before/after proof?', NULL, '[{"kind":"act-handoff-package","objectiveId":"topography--plan","description":"Approved PlanDecisionRecord converted into an ActHandoffPackage."}]'::jsonb, ARRAY['contours-landform', 'water-flow', 'suitability', 'roles-responsibility', 'timeline-phasing']::text[], ARRAY['topography--act--1', 'topography--act--2', 'topography--act--3', 'topography--act--4', 'topography--act--5', 'topography--act--6']::text[], 'act-task', ARRAY['ready', 'assigned', 'in-progress', 'paused-for-conditions', 'blocked', 'completed-pending-verification', 'verified-complete', 'needs-rework', 'needs-follow-up', 'escalated', 'archived', 'cancelled']::text[]);
INSERT INTO olos_objectives (id, stage, domain, title, focused_question, completion_criteria, required_inputs, default_overlay_bundle, checklist_item_ids, output_kind, allowed_statuses) VALUES ('hydrology--observe', 'observe', 'hydrology', 'Document Water Flow & Resources', 'Where does water come from, how does it move, and where does it stagnate or escape?', NULL, '[]'::jsonb, ARRAY['water-flow', 'contours-landform', 'soil-conditions', 'infrastructure-utilities']::text[], ARRAY['hydrology--observe--1', 'hydrology--observe--2', 'hydrology--observe--3', 'hydrology--observe--4', 'hydrology--observe--5']::text[], 'observation-record', ARRAY['clear', 'unknown', 'needs-investigation', 'major-constraint', 'potential-disqualifier']::text[]);
INSERT INTO olos_objectives (id, stage, domain, title, focused_question, completion_criteria, required_inputs, default_overlay_bundle, checklist_item_ids, output_kind, allowed_statuses) VALUES ('hydrology--plan', 'plan', 'hydrology', 'Decide Water Management Strategy', 'How will we slow, spread, sink, store, and route water across the design?', NULL, '[{"kind":"observation-record","objectiveId":"hydrology--observe","description":"Upstream ObservationRecord for this domain."}]'::jsonb, ARRAY['water-flow', 'contours-landform', 'soil-conditions', 'infrastructure-utilities']::text[], ARRAY['hydrology--plan--1', 'hydrology--plan--2', 'hydrology--plan--3', 'hydrology--plan--4']::text[], 'plan-decision-record', ARRAY['approved-for-act', 'conditionally-approved', 'needs-more-observation', 'needs-professional-review', 'redesign-required', 'deferred', 'rejected']::text[]);
INSERT INTO olos_objectives (id, stage, domain, title, focused_question, completion_criteria, required_inputs, default_overlay_bundle, checklist_item_ids, output_kind, allowed_statuses) VALUES ('hydrology--act', 'act', 'hydrology', 'Install Water-Control Features', 'Who builds the swales, ponds, tanks, channels, and verifies they hold and route as designed?', NULL, '[{"kind":"act-handoff-package","objectiveId":"hydrology--plan","description":"Approved PlanDecisionRecord converted into an ActHandoffPackage."}]'::jsonb, ARRAY['water-flow', 'contours-landform', 'soil-conditions', 'infrastructure-utilities', 'roles-responsibility', 'timeline-phasing']::text[], ARRAY['hydrology--act--1', 'hydrology--act--2', 'hydrology--act--3', 'hydrology--act--4', 'hydrology--act--5', 'hydrology--act--6']::text[], 'act-task', ARRAY['ready', 'assigned', 'in-progress', 'paused-for-conditions', 'blocked', 'completed-pending-verification', 'verified-complete', 'needs-rework', 'needs-follow-up', 'escalated', 'archived', 'cancelled']::text[]);
INSERT INTO olos_objectives (id, stage, domain, title, focused_question, completion_criteria, required_inputs, default_overlay_bundle, checklist_item_ids, output_kind, allowed_statuses) VALUES ('soil--observe', 'observe', 'soil', 'Document Soil Conditions', 'What is the soil’s texture, depth, biology, fertility, and contamination state?', NULL, '[]'::jsonb, ARRAY['soil-conditions', 'monitoring-records', 'ecology-habitat']::text[], ARRAY['soil--observe--1', 'soil--observe--2', 'soil--observe--3', 'soil--observe--4', 'soil--observe--5']::text[], 'observation-record', ARRAY['clear', 'unknown', 'needs-investigation', 'major-constraint', 'potential-disqualifier']::text[]);
INSERT INTO olos_objectives (id, stage, domain, title, focused_question, completion_criteria, required_inputs, default_overlay_bundle, checklist_item_ids, output_kind, allowed_statuses) VALUES ('soil--plan', 'plan', 'soil', 'Decide Soil Building Strategy', 'How will we build and protect soil over the design horizon?', NULL, '[{"kind":"observation-record","objectiveId":"soil--observe","description":"Upstream ObservationRecord for this domain."}]'::jsonb, ARRAY['soil-conditions', 'monitoring-records', 'ecology-habitat']::text[], ARRAY['soil--plan--1', 'soil--plan--2', 'soil--plan--3', 'soil--plan--4']::text[], 'plan-decision-record', ARRAY['approved-for-act', 'conditionally-approved', 'needs-more-observation', 'needs-professional-review', 'redesign-required', 'deferred', 'rejected']::text[]);
INSERT INTO olos_objectives (id, stage, domain, title, focused_question, completion_criteria, required_inputs, default_overlay_bundle, checklist_item_ids, output_kind, allowed_statuses) VALUES ('soil--act', 'act', 'soil', 'Execute Soil Building Work', 'Who applies amendments, plants cover crops, and tests improvement over time?', NULL, '[{"kind":"act-handoff-package","objectiveId":"soil--plan","description":"Approved PlanDecisionRecord converted into an ActHandoffPackage."}]'::jsonb, ARRAY['soil-conditions', 'monitoring-records', 'ecology-habitat', 'roles-responsibility', 'timeline-phasing']::text[], ARRAY['soil--act--1', 'soil--act--2', 'soil--act--3', 'soil--act--4', 'soil--act--5', 'soil--act--6']::text[], 'act-task', ARRAY['ready', 'assigned', 'in-progress', 'paused-for-conditions', 'blocked', 'completed-pending-verification', 'verified-complete', 'needs-rework', 'needs-follow-up', 'escalated', 'archived', 'cancelled']::text[]);
INSERT INTO olos_objectives (id, stage, domain, title, focused_question, completion_criteria, required_inputs, default_overlay_bundle, checklist_item_ids, output_kind, allowed_statuses) VALUES ('ecology--observe', 'observe', 'ecology', 'Document Ecology & Habitat', 'What life systems already exist on this land?', NULL, '[]'::jsonb, ARRAY['ecology-habitat', 'sectors', 'risk-compliance']::text[], ARRAY['ecology--observe--1', 'ecology--observe--2', 'ecology--observe--3', 'ecology--observe--4', 'ecology--observe--5']::text[], 'observation-record', ARRAY['clear', 'unknown', 'needs-investigation', 'major-constraint', 'potential-disqualifier']::text[]);
INSERT INTO olos_objectives (id, stage, domain, title, focused_question, completion_criteria, required_inputs, default_overlay_bundle, checklist_item_ids, output_kind, allowed_statuses) VALUES ('ecology--plan', 'plan', 'ecology', 'Decide Habitat & Biodiversity Strategy', 'Which habitats will we protect, restore, and create, and which species will we manage out?', NULL, '[{"kind":"observation-record","objectiveId":"ecology--observe","description":"Upstream ObservationRecord for this domain."}]'::jsonb, ARRAY['ecology-habitat', 'sectors', 'risk-compliance']::text[], ARRAY['ecology--plan--1', 'ecology--plan--2', 'ecology--plan--3', 'ecology--plan--4']::text[], 'plan-decision-record', ARRAY['approved-for-act', 'conditionally-approved', 'needs-more-observation', 'needs-professional-review', 'redesign-required', 'deferred', 'rejected']::text[]);
INSERT INTO olos_objectives (id, stage, domain, title, focused_question, completion_criteria, required_inputs, default_overlay_bundle, checklist_item_ids, output_kind, allowed_statuses) VALUES ('ecology--act', 'act', 'ecology', 'Restore Habitat & Monitor Species Response', 'Who installs habitat features and monitors species response over time?', NULL, '[{"kind":"act-handoff-package","objectiveId":"ecology--plan","description":"Approved PlanDecisionRecord converted into an ActHandoffPackage."}]'::jsonb, ARRAY['ecology-habitat', 'sectors', 'risk-compliance', 'roles-responsibility', 'timeline-phasing']::text[], ARRAY['ecology--act--1', 'ecology--act--2', 'ecology--act--3', 'ecology--act--4', 'ecology--act--5', 'ecology--act--6']::text[], 'act-task', ARRAY['ready', 'assigned', 'in-progress', 'paused-for-conditions', 'blocked', 'completed-pending-verification', 'verified-complete', 'needs-rework', 'needs-follow-up', 'escalated', 'archived', 'cancelled']::text[]);
INSERT INTO olos_objectives (id, stage, domain, title, focused_question, completion_criteria, required_inputs, default_overlay_bundle, checklist_item_ids, output_kind, allowed_statuses) VALUES ('plants-food--observe', 'observe', 'plants-food', 'Document Existing Vegetation & Crops', 'What is growing where, in what condition, with what yield?', NULL, '[]'::jsonb, ARRAY['zones', 'soil-conditions', 'water-flow', 'resource-flows']::text[], ARRAY['plants-food--observe--1', 'plants-food--observe--2', 'plants-food--observe--3', 'plants-food--observe--4', 'plants-food--observe--5']::text[], 'observation-record', ARRAY['clear', 'unknown', 'needs-investigation', 'major-constraint', 'potential-disqualifier']::text[]);
INSERT INTO olos_objectives (id, stage, domain, title, focused_question, completion_criteria, required_inputs, default_overlay_bundle, checklist_item_ids, output_kind, allowed_statuses) VALUES ('plants-food--plan', 'plan', 'plants-food', 'Decide Plant & Food Production Strategy', 'What will we grow where, in what guilds, with what rotation and harvest plan?', NULL, '[{"kind":"observation-record","objectiveId":"plants-food--observe","description":"Upstream ObservationRecord for this domain."}]'::jsonb, ARRAY['zones', 'soil-conditions', 'water-flow', 'resource-flows']::text[], ARRAY['plants-food--plan--1', 'plants-food--plan--2', 'plants-food--plan--3', 'plants-food--plan--4']::text[], 'plan-decision-record', ARRAY['approved-for-act', 'conditionally-approved', 'needs-more-observation', 'needs-professional-review', 'redesign-required', 'deferred', 'rejected']::text[]);
INSERT INTO olos_objectives (id, stage, domain, title, focused_question, completion_criteria, required_inputs, default_overlay_bundle, checklist_item_ids, output_kind, allowed_statuses) VALUES ('plants-food--act', 'act', 'plants-food', 'Install & Maintain Plantings', 'Who plants, mulches, irrigates, harvests, and records yield?', NULL, '[{"kind":"act-handoff-package","objectiveId":"plants-food--plan","description":"Approved PlanDecisionRecord converted into an ActHandoffPackage."}]'::jsonb, ARRAY['zones', 'soil-conditions', 'water-flow', 'resource-flows', 'roles-responsibility', 'timeline-phasing']::text[], ARRAY['plants-food--act--1', 'plants-food--act--2', 'plants-food--act--3', 'plants-food--act--4', 'plants-food--act--5', 'plants-food--act--6']::text[], 'act-task', ARRAY['ready', 'assigned', 'in-progress', 'paused-for-conditions', 'blocked', 'completed-pending-verification', 'verified-complete', 'needs-rework', 'needs-follow-up', 'escalated', 'archived', 'cancelled']::text[]);
INSERT INTO olos_objectives (id, stage, domain, title, focused_question, completion_criteria, required_inputs, default_overlay_bundle, checklist_item_ids, output_kind, allowed_statuses) VALUES ('animals-livestock--observe', 'observe', 'animals-livestock', 'Document Animals & Wildlife Present', 'What domestic and wild animals use this land, and how does that shape the design?', NULL, '[]'::jsonb, ARRAY['zones', 'access-movement', 'infrastructure-utilities', 'ecology-habitat']::text[], ARRAY['animals-livestock--observe--1', 'animals-livestock--observe--2', 'animals-livestock--observe--3', 'animals-livestock--observe--4', 'animals-livestock--observe--5']::text[], 'observation-record', ARRAY['clear', 'unknown', 'needs-investigation', 'major-constraint', 'potential-disqualifier']::text[]);
INSERT INTO olos_objectives (id, stage, domain, title, focused_question, completion_criteria, required_inputs, default_overlay_bundle, checklist_item_ids, output_kind, allowed_statuses) VALUES ('animals-livestock--plan', 'plan', 'animals-livestock', 'Decide Animal & Livestock Strategy', 'Which animals, in what numbers, in what rotation, with what shelter and infrastructure?', NULL, '[{"kind":"observation-record","objectiveId":"animals-livestock--observe","description":"Upstream ObservationRecord for this domain."}]'::jsonb, ARRAY['zones', 'access-movement', 'infrastructure-utilities', 'ecology-habitat']::text[], ARRAY['animals-livestock--plan--1', 'animals-livestock--plan--2', 'animals-livestock--plan--3', 'animals-livestock--plan--4']::text[], 'plan-decision-record', ARRAY['approved-for-act', 'conditionally-approved', 'needs-more-observation', 'needs-professional-review', 'redesign-required', 'deferred', 'rejected']::text[]);
INSERT INTO olos_objectives (id, stage, domain, title, focused_question, completion_criteria, required_inputs, default_overlay_bundle, checklist_item_ids, output_kind, allowed_statuses) VALUES ('animals-livestock--act', 'act', 'animals-livestock', 'Care for & Verify Animal Operations', 'Who handles husbandry, rotation, and welfare verification?', NULL, '[{"kind":"act-handoff-package","objectiveId":"animals-livestock--plan","description":"Approved PlanDecisionRecord converted into an ActHandoffPackage."}]'::jsonb, ARRAY['zones', 'access-movement', 'infrastructure-utilities', 'ecology-habitat', 'roles-responsibility', 'timeline-phasing']::text[], ARRAY['animals-livestock--act--1', 'animals-livestock--act--2', 'animals-livestock--act--3', 'animals-livestock--act--4', 'animals-livestock--act--5', 'animals-livestock--act--6']::text[], 'act-task', ARRAY['ready', 'assigned', 'in-progress', 'paused-for-conditions', 'blocked', 'completed-pending-verification', 'verified-complete', 'needs-rework', 'needs-follow-up', 'escalated', 'archived', 'cancelled']::text[]);
INSERT INTO olos_objectives (id, stage, domain, title, focused_question, completion_criteria, required_inputs, default_overlay_bundle, checklist_item_ids, output_kind, allowed_statuses) VALUES ('built-infrastructure--observe', 'observe', 'built-infrastructure', 'Document Built Infrastructure', 'What buildings, fences, tanks, and utilities exist and in what condition?', NULL, '[]'::jsonb, ARRAY['infrastructure-utilities', 'access-movement', 'risk-compliance']::text[], ARRAY['built-infrastructure--observe--1', 'built-infrastructure--observe--2', 'built-infrastructure--observe--3', 'built-infrastructure--observe--4', 'built-infrastructure--observe--5']::text[], 'observation-record', ARRAY['clear', 'unknown', 'needs-investigation', 'major-constraint', 'potential-disqualifier']::text[]);
INSERT INTO olos_objectives (id, stage, domain, title, focused_question, completion_criteria, required_inputs, default_overlay_bundle, checklist_item_ids, output_kind, allowed_statuses) VALUES ('built-infrastructure--plan', 'plan', 'built-infrastructure', 'Decide Built Infrastructure Plan', 'What new structures, repairs, and upgrades, in what sequence, with what budget?', NULL, '[{"kind":"observation-record","objectiveId":"built-infrastructure--observe","description":"Upstream ObservationRecord for this domain."}]'::jsonb, ARRAY['infrastructure-utilities', 'access-movement', 'risk-compliance']::text[], ARRAY['built-infrastructure--plan--1', 'built-infrastructure--plan--2', 'built-infrastructure--plan--3', 'built-infrastructure--plan--4']::text[], 'plan-decision-record', ARRAY['approved-for-act', 'conditionally-approved', 'needs-more-observation', 'needs-professional-review', 'redesign-required', 'deferred', 'rejected']::text[]);
INSERT INTO olos_objectives (id, stage, domain, title, focused_question, completion_criteria, required_inputs, default_overlay_bundle, checklist_item_ids, output_kind, allowed_statuses) VALUES ('built-infrastructure--act', 'act', 'built-infrastructure', 'Build & Verify Infrastructure', 'Who constructs, inspects, and signs off each structure?', NULL, '[{"kind":"act-handoff-package","objectiveId":"built-infrastructure--plan","description":"Approved PlanDecisionRecord converted into an ActHandoffPackage."}]'::jsonb, ARRAY['infrastructure-utilities', 'access-movement', 'risk-compliance', 'roles-responsibility', 'timeline-phasing']::text[], ARRAY['built-infrastructure--act--1', 'built-infrastructure--act--2', 'built-infrastructure--act--3', 'built-infrastructure--act--4', 'built-infrastructure--act--5', 'built-infrastructure--act--6']::text[], 'act-task', ARRAY['ready', 'assigned', 'in-progress', 'paused-for-conditions', 'blocked', 'completed-pending-verification', 'verified-complete', 'needs-rework', 'needs-follow-up', 'escalated', 'archived', 'cancelled']::text[]);
INSERT INTO olos_objectives (id, stage, domain, title, focused_question, completion_criteria, required_inputs, default_overlay_bundle, checklist_item_ids, output_kind, allowed_statuses) VALUES ('access-circulation--observe', 'observe', 'access-circulation', 'Document Access & Movement', 'How do people, vehicles, animals, and goods move across the site today?', NULL, '[]'::jsonb, ARRAY['access-movement', 'zones', 'risk-compliance']::text[], ARRAY['access-circulation--observe--1', 'access-circulation--observe--2', 'access-circulation--observe--3', 'access-circulation--observe--4', 'access-circulation--observe--5']::text[], 'observation-record', ARRAY['clear', 'unknown', 'needs-investigation', 'major-constraint', 'potential-disqualifier']::text[]);
INSERT INTO olos_objectives (id, stage, domain, title, focused_question, completion_criteria, required_inputs, default_overlay_bundle, checklist_item_ids, output_kind, allowed_statuses) VALUES ('access-circulation--plan', 'plan', 'access-circulation', 'Decide Access & Circulation Strategy', 'Which roads, paths, gates, and routes will we build, modify, or close?', NULL, '[{"kind":"observation-record","objectiveId":"access-circulation--observe","description":"Upstream ObservationRecord for this domain."}]'::jsonb, ARRAY['access-movement', 'zones', 'risk-compliance']::text[], ARRAY['access-circulation--plan--1', 'access-circulation--plan--2', 'access-circulation--plan--3', 'access-circulation--plan--4']::text[], 'plan-decision-record', ARRAY['approved-for-act', 'conditionally-approved', 'needs-more-observation', 'needs-professional-review', 'redesign-required', 'deferred', 'rejected']::text[]);
INSERT INTO olos_objectives (id, stage, domain, title, focused_question, completion_criteria, required_inputs, default_overlay_bundle, checklist_item_ids, output_kind, allowed_statuses) VALUES ('access-circulation--act', 'act', 'access-circulation', 'Install Access & Verify Routes', 'Who builds, surfaces, and tests each access feature?', NULL, '[{"kind":"act-handoff-package","objectiveId":"access-circulation--plan","description":"Approved PlanDecisionRecord converted into an ActHandoffPackage."}]'::jsonb, ARRAY['access-movement', 'zones', 'risk-compliance', 'roles-responsibility', 'timeline-phasing']::text[], ARRAY['access-circulation--act--1', 'access-circulation--act--2', 'access-circulation--act--3', 'access-circulation--act--4', 'access-circulation--act--5', 'access-circulation--act--6']::text[], 'act-task', ARRAY['ready', 'assigned', 'in-progress', 'paused-for-conditions', 'blocked', 'completed-pending-verification', 'verified-complete', 'needs-rework', 'needs-follow-up', 'escalated', 'archived', 'cancelled']::text[]);
INSERT INTO olos_objectives (id, stage, domain, title, focused_question, completion_criteria, required_inputs, default_overlay_bundle, checklist_item_ids, output_kind, allowed_statuses) VALUES ('energy-resources--observe', 'observe', 'energy-resources', 'Document Energy & Resource Flows', 'What energy, materials, and waste flow into, through, and out of the site?', NULL, '[]'::jsonb, ARRAY['resource-flows', 'infrastructure-utilities', 'sectors']::text[], ARRAY['energy-resources--observe--1', 'energy-resources--observe--2', 'energy-resources--observe--3', 'energy-resources--observe--4', 'energy-resources--observe--5']::text[], 'observation-record', ARRAY['clear', 'unknown', 'needs-investigation', 'major-constraint', 'potential-disqualifier']::text[]);
INSERT INTO olos_objectives (id, stage, domain, title, focused_question, completion_criteria, required_inputs, default_overlay_bundle, checklist_item_ids, output_kind, allowed_statuses) VALUES ('energy-resources--plan', 'plan', 'energy-resources', 'Decide Energy & Resource Strategy', 'How will we capture, cycle, and close loops on energy, water, nutrients, and materials?', NULL, '[{"kind":"observation-record","objectiveId":"energy-resources--observe","description":"Upstream ObservationRecord for this domain."}]'::jsonb, ARRAY['resource-flows', 'infrastructure-utilities', 'sectors']::text[], ARRAY['energy-resources--plan--1', 'energy-resources--plan--2', 'energy-resources--plan--3', 'energy-resources--plan--4']::text[], 'plan-decision-record', ARRAY['approved-for-act', 'conditionally-approved', 'needs-more-observation', 'needs-professional-review', 'redesign-required', 'deferred', 'rejected']::text[]);
INSERT INTO olos_objectives (id, stage, domain, title, focused_question, completion_criteria, required_inputs, default_overlay_bundle, checklist_item_ids, output_kind, allowed_statuses) VALUES ('energy-resources--act', 'act', 'energy-resources', 'Install Energy & Resource Systems', 'Who installs the systems and verifies they produce / cycle as designed?', NULL, '[{"kind":"act-handoff-package","objectiveId":"energy-resources--plan","description":"Approved PlanDecisionRecord converted into an ActHandoffPackage."}]'::jsonb, ARRAY['resource-flows', 'infrastructure-utilities', 'sectors', 'roles-responsibility', 'timeline-phasing']::text[], ARRAY['energy-resources--act--1', 'energy-resources--act--2', 'energy-resources--act--3', 'energy-resources--act--4', 'energy-resources--act--5', 'energy-resources--act--6']::text[], 'act-task', ARRAY['ready', 'assigned', 'in-progress', 'paused-for-conditions', 'blocked', 'completed-pending-verification', 'verified-complete', 'needs-rework', 'needs-follow-up', 'escalated', 'archived', 'cancelled']::text[]);
INSERT INTO olos_objectives (id, stage, domain, title, focused_question, completion_criteria, required_inputs, default_overlay_bundle, checklist_item_ids, output_kind, allowed_statuses) VALUES ('people-governance--observe', 'observe', 'people-governance', 'Document People & Governance Structure', 'Who is involved, in what roles, with what decision rights and time commitments?', NULL, '[]'::jsonb, ARRAY['roles-responsibility', 'zones', 'stewardship-intensity']::text[], ARRAY['people-governance--observe--1', 'people-governance--observe--2', 'people-governance--observe--3', 'people-governance--observe--4', 'people-governance--observe--5']::text[], 'observation-record', ARRAY['clear', 'unknown', 'needs-investigation', 'major-constraint', 'potential-disqualifier']::text[]);
INSERT INTO olos_objectives (id, stage, domain, title, focused_question, completion_criteria, required_inputs, default_overlay_bundle, checklist_item_ids, output_kind, allowed_statuses) VALUES ('people-governance--plan', 'plan', 'people-governance', 'Decide Roles & Decision Rights', 'How will we structure responsibility and decision-making across the design horizon?', NULL, '[{"kind":"observation-record","objectiveId":"people-governance--observe","description":"Upstream ObservationRecord for this domain."}]'::jsonb, ARRAY['roles-responsibility', 'zones', 'stewardship-intensity']::text[], ARRAY['people-governance--plan--1', 'people-governance--plan--2', 'people-governance--plan--3', 'people-governance--plan--4']::text[], 'plan-decision-record', ARRAY['approved-for-act', 'conditionally-approved', 'needs-more-observation', 'needs-professional-review', 'redesign-required', 'deferred', 'rejected']::text[]);
INSERT INTO olos_objectives (id, stage, domain, title, focused_question, completion_criteria, required_inputs, default_overlay_bundle, checklist_item_ids, output_kind, allowed_statuses) VALUES ('people-governance--act', 'act', 'people-governance', 'Onboard People & Confirm Roles', 'Who is assigned, when do they start, with what training and confirmation?', NULL, '[{"kind":"act-handoff-package","objectiveId":"people-governance--plan","description":"Approved PlanDecisionRecord converted into an ActHandoffPackage."}]'::jsonb, ARRAY['roles-responsibility', 'zones', 'stewardship-intensity', 'timeline-phasing']::text[], ARRAY['people-governance--act--1', 'people-governance--act--2', 'people-governance--act--3', 'people-governance--act--4', 'people-governance--act--5', 'people-governance--act--6']::text[], 'act-task', ARRAY['ready', 'assigned', 'in-progress', 'paused-for-conditions', 'blocked', 'completed-pending-verification', 'verified-complete', 'needs-rework', 'needs-follow-up', 'escalated', 'archived', 'cancelled']::text[]);
INSERT INTO olos_objectives (id, stage, domain, title, focused_question, completion_criteria, required_inputs, default_overlay_bundle, checklist_item_ids, output_kind, allowed_statuses) VALUES ('economics-capacity--observe', 'observe', 'economics-capacity', 'Document Financial & Operational Capacity', 'What financial, labour, and time capacity exists to deliver the work?', NULL, '[]'::jsonb, ARRAY['timeline-phasing', 'stewardship-intensity', 'resource-flows']::text[], ARRAY['economics-capacity--observe--1', 'economics-capacity--observe--2', 'economics-capacity--observe--3', 'economics-capacity--observe--4', 'economics-capacity--observe--5']::text[], 'observation-record', ARRAY['clear', 'unknown', 'needs-investigation', 'major-constraint', 'potential-disqualifier']::text[]);
INSERT INTO olos_objectives (id, stage, domain, title, focused_question, completion_criteria, required_inputs, default_overlay_bundle, checklist_item_ids, output_kind, allowed_statuses) VALUES ('economics-capacity--plan', 'plan', 'economics-capacity', 'Decide Budget, Phasing & Capacity Plan', 'Which work fits within capacity, in what sequence, with what funding sources?', NULL, '[{"kind":"observation-record","objectiveId":"economics-capacity--observe","description":"Upstream ObservationRecord for this domain."}]'::jsonb, ARRAY['timeline-phasing', 'stewardship-intensity', 'resource-flows']::text[], ARRAY['economics-capacity--plan--1', 'economics-capacity--plan--2', 'economics-capacity--plan--3', 'economics-capacity--plan--4']::text[], 'plan-decision-record', ARRAY['approved-for-act', 'conditionally-approved', 'needs-more-observation', 'needs-professional-review', 'redesign-required', 'deferred', 'rejected']::text[]);
INSERT INTO olos_objectives (id, stage, domain, title, focused_question, completion_criteria, required_inputs, default_overlay_bundle, checklist_item_ids, output_kind, allowed_statuses) VALUES ('economics-capacity--act', 'act', 'economics-capacity', 'Execute Spending & Track Capacity', 'Who controls spend, tracks hours, and reports variance against plan?', NULL, '[{"kind":"act-handoff-package","objectiveId":"economics-capacity--plan","description":"Approved PlanDecisionRecord converted into an ActHandoffPackage."}]'::jsonb, ARRAY['timeline-phasing', 'stewardship-intensity', 'resource-flows', 'roles-responsibility']::text[], ARRAY['economics-capacity--act--1', 'economics-capacity--act--2', 'economics-capacity--act--3', 'economics-capacity--act--4', 'economics-capacity--act--5', 'economics-capacity--act--6']::text[], 'act-task', ARRAY['ready', 'assigned', 'in-progress', 'paused-for-conditions', 'blocked', 'completed-pending-verification', 'verified-complete', 'needs-rework', 'needs-follow-up', 'escalated', 'archived', 'cancelled']::text[]);
INSERT INTO olos_objectives (id, stage, domain, title, focused_question, completion_criteria, required_inputs, default_overlay_bundle, checklist_item_ids, output_kind, allowed_statuses) VALUES ('risk-compliance--observe', 'observe', 'risk-compliance', 'Document Risks, Hazards & Compliance', 'What legal, safety, environmental, and disqualifier risks exist on this site?', NULL, '[]'::jsonb, ARRAY['risk-compliance', 'monitoring-records', 'sectors']::text[], ARRAY['risk-compliance--observe--1', 'risk-compliance--observe--2', 'risk-compliance--observe--3', 'risk-compliance--observe--4', 'risk-compliance--observe--5']::text[], 'observation-record', ARRAY['clear', 'unknown', 'needs-investigation', 'major-constraint', 'potential-disqualifier']::text[]);
INSERT INTO olos_objectives (id, stage, domain, title, focused_question, completion_criteria, required_inputs, default_overlay_bundle, checklist_item_ids, output_kind, allowed_statuses) VALUES ('risk-compliance--plan', 'plan', 'risk-compliance', 'Decide Risk Mitigation & Compliance Plan', 'Which risks do we accept, mitigate, transfer, or design out, and how do we stay compliant?', NULL, '[{"kind":"observation-record","objectiveId":"risk-compliance--observe","description":"Upstream ObservationRecord for this domain."}]'::jsonb, ARRAY['risk-compliance', 'monitoring-records', 'sectors']::text[], ARRAY['risk-compliance--plan--1', 'risk-compliance--plan--2', 'risk-compliance--plan--3', 'risk-compliance--plan--4']::text[], 'plan-decision-record', ARRAY['approved-for-act', 'conditionally-approved', 'needs-more-observation', 'needs-professional-review', 'redesign-required', 'deferred', 'rejected']::text[]);
INSERT INTO olos_objectives (id, stage, domain, title, focused_question, completion_criteria, required_inputs, default_overlay_bundle, checklist_item_ids, output_kind, allowed_statuses) VALUES ('risk-compliance--act', 'act', 'risk-compliance', 'Implement Risk Controls & Verify', 'Who installs safety features, runs inspections, and signs off compliance?', NULL, '[{"kind":"act-handoff-package","objectiveId":"risk-compliance--plan","description":"Approved PlanDecisionRecord converted into an ActHandoffPackage."}]'::jsonb, ARRAY['risk-compliance', 'monitoring-records', 'sectors', 'roles-responsibility', 'timeline-phasing']::text[], ARRAY['risk-compliance--act--1', 'risk-compliance--act--2', 'risk-compliance--act--3', 'risk-compliance--act--4', 'risk-compliance--act--5', 'risk-compliance--act--6']::text[], 'act-task', ARRAY['ready', 'assigned', 'in-progress', 'paused-for-conditions', 'blocked', 'completed-pending-verification', 'verified-complete', 'needs-rework', 'needs-follow-up', 'escalated', 'archived', 'cancelled']::text[]);
INSERT INTO olos_objectives (id, stage, domain, title, focused_question, completion_criteria, required_inputs, default_overlay_bundle, checklist_item_ids, output_kind, allowed_statuses) VALUES ('monitoring-records--observe', 'observe', 'monitoring-records', 'Document Existing Monitoring & Records', 'What monitoring, records, and feedback loops already exist on this site?', NULL, '[]'::jsonb, ARRAY['monitoring-records', 'zones', 'stewardship-intensity']::text[], ARRAY['monitoring-records--observe--1', 'monitoring-records--observe--2', 'monitoring-records--observe--3', 'monitoring-records--observe--4', 'monitoring-records--observe--5']::text[], 'observation-record', ARRAY['clear', 'unknown', 'needs-investigation', 'major-constraint', 'potential-disqualifier']::text[]);
INSERT INTO olos_objectives (id, stage, domain, title, focused_question, completion_criteria, required_inputs, default_overlay_bundle, checklist_item_ids, output_kind, allowed_statuses) VALUES ('monitoring-records--plan', 'plan', 'monitoring-records', 'Decide Monitoring & Records Plan', 'Which metrics, cadence, points, and ownership will we commit to going forward?', NULL, '[{"kind":"observation-record","objectiveId":"monitoring-records--observe","description":"Upstream ObservationRecord for this domain."}]'::jsonb, ARRAY['monitoring-records', 'zones', 'stewardship-intensity']::text[], ARRAY['monitoring-records--plan--1', 'monitoring-records--plan--2', 'monitoring-records--plan--3', 'monitoring-records--plan--4']::text[], 'plan-decision-record', ARRAY['approved-for-act', 'conditionally-approved', 'needs-more-observation', 'needs-professional-review', 'redesign-required', 'deferred', 'rejected']::text[]);
INSERT INTO olos_objectives (id, stage, domain, title, focused_question, completion_criteria, required_inputs, default_overlay_bundle, checklist_item_ids, output_kind, allowed_statuses) VALUES ('monitoring-records--act', 'act', 'monitoring-records', 'Install Monitoring & Capture Records', 'Who installs sensors, photo points, sample sites, and ensures data flows back into review?', NULL, '[{"kind":"act-handoff-package","objectiveId":"monitoring-records--plan","description":"Approved PlanDecisionRecord converted into an ActHandoffPackage."}]'::jsonb, ARRAY['monitoring-records', 'zones', 'stewardship-intensity', 'roles-responsibility', 'timeline-phasing']::text[], ARRAY['monitoring-records--act--1', 'monitoring-records--act--2', 'monitoring-records--act--3', 'monitoring-records--act--4', 'monitoring-records--act--5', 'monitoring-records--act--6']::text[], 'act-task', ARRAY['ready', 'assigned', 'in-progress', 'paused-for-conditions', 'blocked', 'completed-pending-verification', 'verified-complete', 'needs-rework', 'needs-follow-up', 'escalated', 'archived', 'cancelled']::text[]);

-- ─── checklist items (237 rows) ───
INSERT INTO olos_checklist_items (id, objective_id, ordinal, instruction, linked_overlay_id, required_input_type, required) VALUES ('vision-intent--observe--1', 'vision-intent--observe', 1, 'Walk the relevant area of the site and photograph the current state.', NULL, 'evidence', true);
INSERT INTO olos_checklist_items (id, objective_id, ordinal, instruction, linked_overlay_id, required_input_type, required) VALUES ('vision-intent--observe--2', 'vision-intent--observe', 2, 'Sketch the area on the map and tag it with the relevant overlay.', NULL, 'evidence', true);
INSERT INTO olos_checklist_items (id, objective_id, ordinal, instruction, linked_overlay_id, required_input_type, required) VALUES ('vision-intent--observe--3', 'vision-intent--observe', 3, 'Note constraints, unknowns, and disqualifier flags.', NULL, 'evidence', true);
INSERT INTO olos_checklist_items (id, objective_id, ordinal, instruction, linked_overlay_id, required_input_type, required) VALUES ('vision-intent--observe--4', 'vision-intent--observe', 4, 'Capture the steward’s vision statement and primary success criteria in their own words.', NULL, 'evidence', true);
INSERT INTO olos_checklist_items (id, objective_id, ordinal, instruction, linked_overlay_id, required_input_type, required) VALUES ('vision-intent--observe--5', 'vision-intent--observe', 5, 'Record any non-negotiable values, covenants, or ethical constraints that bound the design.', NULL, 'evidence', true);
INSERT INTO olos_checklist_items (id, objective_id, ordinal, instruction, linked_overlay_id, required_input_type, required) VALUES ('vision-intent--plan--1', 'vision-intent--plan', 1, 'Review the upstream Observe record(s) and confirm all required inputs are present.', NULL, 'reference', true);
INSERT INTO olos_checklist_items (id, objective_id, ordinal, instruction, linked_overlay_id, required_input_type, required) VALUES ('vision-intent--plan--2', 'vision-intent--plan', 2, 'Generate at least two options and articulate the trade-offs of each.', NULL, 'decision', true);
INSERT INTO olos_checklist_items (id, objective_id, ordinal, instruction, linked_overlay_id, required_input_type, required) VALUES ('vision-intent--plan--3', 'vision-intent--plan', 3, 'Select the preferred option, capture rationale, assumptions, dependencies, and risk flags.', NULL, 'decision', true);
INSERT INTO olos_checklist_items (id, objective_id, ordinal, instruction, linked_overlay_id, required_input_type, required) VALUES ('vision-intent--plan--4', 'vision-intent--plan', 4, 'Translate vision into ranked design priorities and a 1-page commitments summary.', NULL, 'decision', true);
INSERT INTO olos_checklist_items (id, objective_id, ordinal, instruction, linked_overlay_id, required_input_type, required) VALUES ('vision-intent--act--1', 'vision-intent--act', 1, 'Confirm the Act Handoff Package is in place and the prerequisites are met.', NULL, 'reference', true);
INSERT INTO olos_checklist_items (id, objective_id, ordinal, instruction, linked_overlay_id, required_input_type, required) VALUES ('vision-intent--act--2', 'vision-intent--act', 2, 'Assign / accept the task, schedule the work window, and confirm materials are available.', NULL, 'decision', true);
INSERT INTO olos_checklist_items (id, objective_id, ordinal, instruction, linked_overlay_id, required_input_type, required) VALUES ('vision-intent--act--3', 'vision-intent--act', 3, 'Execute the work; capture progress proof (photo, measurement, note) at key checkpoints.', NULL, 'proof', true);
INSERT INTO olos_checklist_items (id, objective_id, ordinal, instruction, linked_overlay_id, required_input_type, required) VALUES ('vision-intent--act--4', 'vision-intent--act', 4, 'Submit completion proof and request verification.', NULL, 'proof', true);
INSERT INTO olos_checklist_items (id, objective_id, ordinal, instruction, linked_overlay_id, required_input_type, required) VALUES ('vision-intent--act--5', 'vision-intent--act', 5, 'Receive verification outcome; address rework or sign off completion.', NULL, 'verification', true);
INSERT INTO olos_checklist_items (id, objective_id, ordinal, instruction, linked_overlay_id, required_input_type, required) VALUES ('land-base--observe--1', 'land-base--observe', 1, 'Walk the relevant area of the site and photograph the current state.', NULL, 'evidence', true);
INSERT INTO olos_checklist_items (id, objective_id, ordinal, instruction, linked_overlay_id, required_input_type, required) VALUES ('land-base--observe--2', 'land-base--observe', 2, 'Sketch the area on the map and tag it with the relevant overlay.', NULL, 'evidence', true);
INSERT INTO olos_checklist_items (id, objective_id, ordinal, instruction, linked_overlay_id, required_input_type, required) VALUES ('land-base--observe--3', 'land-base--observe', 3, 'Note constraints, unknowns, and disqualifier flags.', NULL, 'evidence', true);
INSERT INTO olos_checklist_items (id, objective_id, ordinal, instruction, linked_overlay_id, required_input_type, required) VALUES ('land-base--observe--4', 'land-base--observe', 4, 'Confirm deed/title boundaries and overlay them on the base map.', 'risk-compliance', 'evidence', true);
INSERT INTO olos_checklist_items (id, objective_id, ordinal, instruction, linked_overlay_id, required_input_type, required) VALUES ('land-base--observe--5', 'land-base--observe', 5, 'Identify easements, rights-of-way, and any contested boundaries.', NULL, 'evidence', true);
INSERT INTO olos_checklist_items (id, objective_id, ordinal, instruction, linked_overlay_id, required_input_type, required) VALUES ('land-base--plan--1', 'land-base--plan', 1, 'Review the upstream Observe record(s) and confirm all required inputs are present.', NULL, 'reference', true);
INSERT INTO olos_checklist_items (id, objective_id, ordinal, instruction, linked_overlay_id, required_input_type, required) VALUES ('land-base--plan--2', 'land-base--plan', 2, 'Generate at least two options and articulate the trade-offs of each.', NULL, 'decision', true);
INSERT INTO olos_checklist_items (id, objective_id, ordinal, instruction, linked_overlay_id, required_input_type, required) VALUES ('land-base--plan--3', 'land-base--plan', 3, 'Select the preferred option, capture rationale, assumptions, dependencies, and risk flags.', NULL, 'decision', true);
INSERT INTO olos_checklist_items (id, objective_id, ordinal, instruction, linked_overlay_id, required_input_type, required) VALUES ('land-base--plan--4', 'land-base--plan', 4, 'Define internal use zones and any boundary modifications required.', 'zones', 'decision', true);
INSERT INTO olos_checklist_items (id, objective_id, ordinal, instruction, linked_overlay_id, required_input_type, required) VALUES ('land-base--act--1', 'land-base--act', 1, 'Confirm the Act Handoff Package is in place and the prerequisites are met.', NULL, 'reference', true);
INSERT INTO olos_checklist_items (id, objective_id, ordinal, instruction, linked_overlay_id, required_input_type, required) VALUES ('land-base--act--2', 'land-base--act', 2, 'Assign / accept the task, schedule the work window, and confirm materials are available.', NULL, 'decision', true);
INSERT INTO olos_checklist_items (id, objective_id, ordinal, instruction, linked_overlay_id, required_input_type, required) VALUES ('land-base--act--3', 'land-base--act', 3, 'Execute the work; capture progress proof (photo, measurement, note) at key checkpoints.', NULL, 'proof', true);
INSERT INTO olos_checklist_items (id, objective_id, ordinal, instruction, linked_overlay_id, required_input_type, required) VALUES ('land-base--act--4', 'land-base--act', 4, 'Submit completion proof and request verification.', NULL, 'proof', true);
INSERT INTO olos_checklist_items (id, objective_id, ordinal, instruction, linked_overlay_id, required_input_type, required) VALUES ('land-base--act--5', 'land-base--act', 5, 'Receive verification outcome; address rework or sign off completion.', NULL, 'verification', true);
INSERT INTO olos_checklist_items (id, objective_id, ordinal, instruction, linked_overlay_id, required_input_type, required) VALUES ('climate--observe--1', 'climate--observe', 1, 'Walk the relevant area of the site and photograph the current state.', NULL, 'evidence', true);
INSERT INTO olos_checklist_items (id, objective_id, ordinal, instruction, linked_overlay_id, required_input_type, required) VALUES ('climate--observe--2', 'climate--observe', 2, 'Sketch the area on the map and tag it with the relevant overlay.', NULL, 'evidence', true);
INSERT INTO olos_checklist_items (id, objective_id, ordinal, instruction, linked_overlay_id, required_input_type, required) VALUES ('climate--observe--3', 'climate--observe', 3, 'Note constraints, unknowns, and disqualifier flags.', NULL, 'evidence', true);
INSERT INTO olos_checklist_items (id, objective_id, ordinal, instruction, linked_overlay_id, required_input_type, required) VALUES ('climate--observe--4', 'climate--observe', 4, 'Capture annual rainfall, temperature range, frost dates, and prevailing wind direction.', 'sectors', 'evidence', true);
INSERT INTO olos_checklist_items (id, objective_id, ordinal, instruction, linked_overlay_id, required_input_type, required) VALUES ('climate--observe--5', 'climate--observe', 5, 'Identify on-site microclimates (frost pockets, sun traps, wind tunnels).', NULL, 'evidence', true);
INSERT INTO olos_checklist_items (id, objective_id, ordinal, instruction, linked_overlay_id, required_input_type, required) VALUES ('climate--plan--1', 'climate--plan', 1, 'Review the upstream Observe record(s) and confirm all required inputs are present.', NULL, 'reference', true);
INSERT INTO olos_checklist_items (id, objective_id, ordinal, instruction, linked_overlay_id, required_input_type, required) VALUES ('climate--plan--2', 'climate--plan', 2, 'Generate at least two options and articulate the trade-offs of each.', NULL, 'decision', true);
INSERT INTO olos_checklist_items (id, objective_id, ordinal, instruction, linked_overlay_id, required_input_type, required) VALUES ('climate--plan--3', 'climate--plan', 3, 'Select the preferred option, capture rationale, assumptions, dependencies, and risk flags.', NULL, 'decision', true);
INSERT INTO olos_checklist_items (id, objective_id, ordinal, instruction, linked_overlay_id, required_input_type, required) VALUES ('climate--plan--4', 'climate--plan', 4, 'Specify windbreaks, shade structures, frost protection, and climate-resilient species placement.', NULL, 'decision', true);
INSERT INTO olos_checklist_items (id, objective_id, ordinal, instruction, linked_overlay_id, required_input_type, required) VALUES ('climate--act--1', 'climate--act', 1, 'Confirm the Act Handoff Package is in place and the prerequisites are met.', NULL, 'reference', true);
INSERT INTO olos_checklist_items (id, objective_id, ordinal, instruction, linked_overlay_id, required_input_type, required) VALUES ('climate--act--2', 'climate--act', 2, 'Assign / accept the task, schedule the work window, and confirm materials are available.', NULL, 'decision', true);
INSERT INTO olos_checklist_items (id, objective_id, ordinal, instruction, linked_overlay_id, required_input_type, required) VALUES ('climate--act--3', 'climate--act', 3, 'Execute the work; capture progress proof (photo, measurement, note) at key checkpoints.', NULL, 'proof', true);
INSERT INTO olos_checklist_items (id, objective_id, ordinal, instruction, linked_overlay_id, required_input_type, required) VALUES ('climate--act--4', 'climate--act', 4, 'Submit completion proof and request verification.', NULL, 'proof', true);
INSERT INTO olos_checklist_items (id, objective_id, ordinal, instruction, linked_overlay_id, required_input_type, required) VALUES ('climate--act--5', 'climate--act', 5, 'Receive verification outcome; address rework or sign off completion.', NULL, 'verification', true);
INSERT INTO olos_checklist_items (id, objective_id, ordinal, instruction, linked_overlay_id, required_input_type, required) VALUES ('topography--observe--1', 'topography--observe', 1, 'Walk the relevant area of the site and photograph the current state.', NULL, 'evidence', true);
INSERT INTO olos_checklist_items (id, objective_id, ordinal, instruction, linked_overlay_id, required_input_type, required) VALUES ('topography--observe--2', 'topography--observe', 2, 'Sketch the area on the map and tag it with the relevant overlay.', NULL, 'evidence', true);
INSERT INTO olos_checklist_items (id, objective_id, ordinal, instruction, linked_overlay_id, required_input_type, required) VALUES ('topography--observe--3', 'topography--observe', 3, 'Note constraints, unknowns, and disqualifier flags.', NULL, 'evidence', true);
INSERT INTO olos_checklist_items (id, objective_id, ordinal, instruction, linked_overlay_id, required_input_type, required) VALUES ('topography--observe--4', 'topography--observe', 4, 'Capture contour lines, slope direction, and any key landform features (ridges, valleys, plateaus).', 'contours-landform', 'evidence', true);
INSERT INTO olos_checklist_items (id, objective_id, ordinal, instruction, linked_overlay_id, required_input_type, required) VALUES ('topography--observe--5', 'topography--observe', 5, 'Identify keylines, ridges, saddles, and natural drainage divides.', NULL, 'evidence', true);
INSERT INTO olos_checklist_items (id, objective_id, ordinal, instruction, linked_overlay_id, required_input_type, required) VALUES ('topography--plan--1', 'topography--plan', 1, 'Review the upstream Observe record(s) and confirm all required inputs are present.', NULL, 'reference', true);
INSERT INTO olos_checklist_items (id, objective_id, ordinal, instruction, linked_overlay_id, required_input_type, required) VALUES ('topography--plan--2', 'topography--plan', 2, 'Generate at least two options and articulate the trade-offs of each.', NULL, 'decision', true);
INSERT INTO olos_checklist_items (id, objective_id, ordinal, instruction, linked_overlay_id, required_input_type, required) VALUES ('topography--plan--3', 'topography--plan', 3, 'Select the preferred option, capture rationale, assumptions, dependencies, and risk flags.', NULL, 'decision', true);
INSERT INTO olos_checklist_items (id, objective_id, ordinal, instruction, linked_overlay_id, required_input_type, required) VALUES ('topography--plan--4', 'topography--plan', 4, 'Specify earthwork locations, types, cut/fill volumes, and equipment access.', NULL, 'decision', true);
INSERT INTO olos_checklist_items (id, objective_id, ordinal, instruction, linked_overlay_id, required_input_type, required) VALUES ('topography--act--1', 'topography--act', 1, 'Confirm the Act Handoff Package is in place and the prerequisites are met.', NULL, 'reference', true);
INSERT INTO olos_checklist_items (id, objective_id, ordinal, instruction, linked_overlay_id, required_input_type, required) VALUES ('topography--act--2', 'topography--act', 2, 'Assign / accept the task, schedule the work window, and confirm materials are available.', NULL, 'decision', true);
INSERT INTO olos_checklist_items (id, objective_id, ordinal, instruction, linked_overlay_id, required_input_type, required) VALUES ('topography--act--3', 'topography--act', 3, 'Execute the work; capture progress proof (photo, measurement, note) at key checkpoints.', NULL, 'proof', true);
INSERT INTO olos_checklist_items (id, objective_id, ordinal, instruction, linked_overlay_id, required_input_type, required) VALUES ('topography--act--4', 'topography--act', 4, 'Submit completion proof and request verification.', NULL, 'proof', true);
INSERT INTO olos_checklist_items (id, objective_id, ordinal, instruction, linked_overlay_id, required_input_type, required) VALUES ('topography--act--5', 'topography--act', 5, 'Receive verification outcome; address rework or sign off completion.', NULL, 'verification', true);
INSERT INTO olos_checklist_items (id, objective_id, ordinal, instruction, linked_overlay_id, required_input_type, required) VALUES ('topography--act--6', 'topography--act', 6, 'Capture before/after photos at each earthwork location and verify finished levels.', NULL, 'proof', true);
INSERT INTO olos_checklist_items (id, objective_id, ordinal, instruction, linked_overlay_id, required_input_type, required) VALUES ('hydrology--observe--1', 'hydrology--observe', 1, 'Walk the relevant area of the site and photograph the current state.', NULL, 'evidence', true);
INSERT INTO olos_checklist_items (id, objective_id, ordinal, instruction, linked_overlay_id, required_input_type, required) VALUES ('hydrology--observe--2', 'hydrology--observe', 2, 'Sketch the area on the map and tag it with the relevant overlay.', NULL, 'evidence', true);
INSERT INTO olos_checklist_items (id, objective_id, ordinal, instruction, linked_overlay_id, required_input_type, required) VALUES ('hydrology--observe--3', 'hydrology--observe', 3, 'Note constraints, unknowns, and disqualifier flags.', NULL, 'evidence', true);
INSERT INTO olos_checklist_items (id, objective_id, ordinal, instruction, linked_overlay_id, required_input_type, required) VALUES ('hydrology--observe--4', 'hydrology--observe', 4, 'Map surface flow paths, watercourses, springs, ponds, and known infiltration zones.', 'water-flow', 'evidence', true);
INSERT INTO olos_checklist_items (id, objective_id, ordinal, instruction, linked_overlay_id, required_input_type, required) VALUES ('hydrology--observe--5', 'hydrology--observe', 5, 'Record well depths, water rights, and any existing storage capacity.', NULL, 'evidence', true);
INSERT INTO olos_checklist_items (id, objective_id, ordinal, instruction, linked_overlay_id, required_input_type, required) VALUES ('hydrology--plan--1', 'hydrology--plan', 1, 'Review the upstream Observe record(s) and confirm all required inputs are present.', NULL, 'reference', true);
INSERT INTO olos_checklist_items (id, objective_id, ordinal, instruction, linked_overlay_id, required_input_type, required) VALUES ('hydrology--plan--2', 'hydrology--plan', 2, 'Generate at least two options and articulate the trade-offs of each.', NULL, 'decision', true);
INSERT INTO olos_checklist_items (id, objective_id, ordinal, instruction, linked_overlay_id, required_input_type, required) VALUES ('hydrology--plan--3', 'hydrology--plan', 3, 'Select the preferred option, capture rationale, assumptions, dependencies, and risk flags.', NULL, 'decision', true);
INSERT INTO olos_checklist_items (id, objective_id, ordinal, instruction, linked_overlay_id, required_input_type, required) VALUES ('hydrology--plan--4', 'hydrology--plan', 4, 'Specify swales, ponds, tanks, channels, irrigation, and overflow routes.', NULL, 'decision', true);
INSERT INTO olos_checklist_items (id, objective_id, ordinal, instruction, linked_overlay_id, required_input_type, required) VALUES ('hydrology--act--1', 'hydrology--act', 1, 'Confirm the Act Handoff Package is in place and the prerequisites are met.', NULL, 'reference', true);
INSERT INTO olos_checklist_items (id, objective_id, ordinal, instruction, linked_overlay_id, required_input_type, required) VALUES ('hydrology--act--2', 'hydrology--act', 2, 'Assign / accept the task, schedule the work window, and confirm materials are available.', NULL, 'decision', true);
INSERT INTO olos_checklist_items (id, objective_id, ordinal, instruction, linked_overlay_id, required_input_type, required) VALUES ('hydrology--act--3', 'hydrology--act', 3, 'Execute the work; capture progress proof (photo, measurement, note) at key checkpoints.', NULL, 'proof', true);
INSERT INTO olos_checklist_items (id, objective_id, ordinal, instruction, linked_overlay_id, required_input_type, required) VALUES ('hydrology--act--4', 'hydrology--act', 4, 'Submit completion proof and request verification.', NULL, 'proof', true);
INSERT INTO olos_checklist_items (id, objective_id, ordinal, instruction, linked_overlay_id, required_input_type, required) VALUES ('hydrology--act--5', 'hydrology--act', 5, 'Receive verification outcome; address rework or sign off completion.', NULL, 'verification', true);
INSERT INTO olos_checklist_items (id, objective_id, ordinal, instruction, linked_overlay_id, required_input_type, required) VALUES ('hydrology--act--6', 'hydrology--act', 6, 'Run a flow test or first-rain inspection on each new feature and record the outcome.', NULL, 'proof', true);
INSERT INTO olos_checklist_items (id, objective_id, ordinal, instruction, linked_overlay_id, required_input_type, required) VALUES ('soil--observe--1', 'soil--observe', 1, 'Walk the relevant area of the site and photograph the current state.', NULL, 'evidence', true);
INSERT INTO olos_checklist_items (id, objective_id, ordinal, instruction, linked_overlay_id, required_input_type, required) VALUES ('soil--observe--2', 'soil--observe', 2, 'Sketch the area on the map and tag it with the relevant overlay.', NULL, 'evidence', true);
INSERT INTO olos_checklist_items (id, objective_id, ordinal, instruction, linked_overlay_id, required_input_type, required) VALUES ('soil--observe--3', 'soil--observe', 3, 'Note constraints, unknowns, and disqualifier flags.', NULL, 'evidence', true);
INSERT INTO olos_checklist_items (id, objective_id, ordinal, instruction, linked_overlay_id, required_input_type, required) VALUES ('soil--observe--4', 'soil--observe', 4, 'Take soil samples at representative locations and submit for texture / nutrient analysis.', 'soil-conditions', 'evidence', true);
INSERT INTO olos_checklist_items (id, objective_id, ordinal, instruction, linked_overlay_id, required_input_type, required) VALUES ('soil--observe--5', 'soil--observe', 5, 'Note compaction, erosion, surface organic matter, and contamination flags.', NULL, 'evidence', true);
INSERT INTO olos_checklist_items (id, objective_id, ordinal, instruction, linked_overlay_id, required_input_type, required) VALUES ('soil--plan--1', 'soil--plan', 1, 'Review the upstream Observe record(s) and confirm all required inputs are present.', NULL, 'reference', true);
INSERT INTO olos_checklist_items (id, objective_id, ordinal, instruction, linked_overlay_id, required_input_type, required) VALUES ('soil--plan--2', 'soil--plan', 2, 'Generate at least two options and articulate the trade-offs of each.', NULL, 'decision', true);
INSERT INTO olos_checklist_items (id, objective_id, ordinal, instruction, linked_overlay_id, required_input_type, required) VALUES ('soil--plan--3', 'soil--plan', 3, 'Select the preferred option, capture rationale, assumptions, dependencies, and risk flags.', NULL, 'decision', true);
INSERT INTO olos_checklist_items (id, objective_id, ordinal, instruction, linked_overlay_id, required_input_type, required) VALUES ('soil--plan--4', 'soil--plan', 4, 'Specify amendments, cover-crop rotations, mulch strategies, and protected/no-till areas.', NULL, 'decision', true);
INSERT INTO olos_checklist_items (id, objective_id, ordinal, instruction, linked_overlay_id, required_input_type, required) VALUES ('soil--act--1', 'soil--act', 1, 'Confirm the Act Handoff Package is in place and the prerequisites are met.', NULL, 'reference', true);
INSERT INTO olos_checklist_items (id, objective_id, ordinal, instruction, linked_overlay_id, required_input_type, required) VALUES ('soil--act--2', 'soil--act', 2, 'Assign / accept the task, schedule the work window, and confirm materials are available.', NULL, 'decision', true);
INSERT INTO olos_checklist_items (id, objective_id, ordinal, instruction, linked_overlay_id, required_input_type, required) VALUES ('soil--act--3', 'soil--act', 3, 'Execute the work; capture progress proof (photo, measurement, note) at key checkpoints.', NULL, 'proof', true);
INSERT INTO olos_checklist_items (id, objective_id, ordinal, instruction, linked_overlay_id, required_input_type, required) VALUES ('soil--act--4', 'soil--act', 4, 'Submit completion proof and request verification.', NULL, 'proof', true);
INSERT INTO olos_checklist_items (id, objective_id, ordinal, instruction, linked_overlay_id, required_input_type, required) VALUES ('soil--act--5', 'soil--act', 5, 'Receive verification outcome; address rework or sign off completion.', NULL, 'verification', true);
INSERT INTO olos_checklist_items (id, objective_id, ordinal, instruction, linked_overlay_id, required_input_type, required) VALUES ('soil--act--6', 'soil--act', 6, 'Re-test soil after the agreed window and compare against baseline.', NULL, 'proof', true);
INSERT INTO olos_checklist_items (id, objective_id, ordinal, instruction, linked_overlay_id, required_input_type, required) VALUES ('ecology--observe--1', 'ecology--observe', 1, 'Walk the relevant area of the site and photograph the current state.', NULL, 'evidence', true);
INSERT INTO olos_checklist_items (id, objective_id, ordinal, instruction, linked_overlay_id, required_input_type, required) VALUES ('ecology--observe--2', 'ecology--observe', 2, 'Sketch the area on the map and tag it with the relevant overlay.', NULL, 'evidence', true);
INSERT INTO olos_checklist_items (id, objective_id, ordinal, instruction, linked_overlay_id, required_input_type, required) VALUES ('ecology--observe--3', 'ecology--observe', 3, 'Note constraints, unknowns, and disqualifier flags.', NULL, 'evidence', true);
INSERT INTO olos_checklist_items (id, objective_id, ordinal, instruction, linked_overlay_id, required_input_type, required) VALUES ('ecology--observe--4', 'ecology--observe', 4, 'Conduct a species inventory — plants, birds, mammals, insects, soil life — and map habitat patches.', 'ecology-habitat', 'evidence', true);
INSERT INTO olos_checklist_items (id, objective_id, ordinal, instruction, linked_overlay_id, required_input_type, required) VALUES ('ecology--observe--5', 'ecology--observe', 5, 'Identify sensitive areas, invasive species, and wildlife corridors.', NULL, 'evidence', true);
INSERT INTO olos_checklist_items (id, objective_id, ordinal, instruction, linked_overlay_id, required_input_type, required) VALUES ('ecology--plan--1', 'ecology--plan', 1, 'Review the upstream Observe record(s) and confirm all required inputs are present.', NULL, 'reference', true);
INSERT INTO olos_checklist_items (id, objective_id, ordinal, instruction, linked_overlay_id, required_input_type, required) VALUES ('ecology--plan--2', 'ecology--plan', 2, 'Generate at least two options and articulate the trade-offs of each.', NULL, 'decision', true);
INSERT INTO olos_checklist_items (id, objective_id, ordinal, instruction, linked_overlay_id, required_input_type, required) VALUES ('ecology--plan--3', 'ecology--plan', 3, 'Select the preferred option, capture rationale, assumptions, dependencies, and risk flags.', NULL, 'decision', true);
INSERT INTO olos_checklist_items (id, objective_id, ordinal, instruction, linked_overlay_id, required_input_type, required) VALUES ('ecology--plan--4', 'ecology--plan', 4, 'Specify protected zones, restoration plantings, invasive controls, and habitat features.', NULL, 'decision', true);
INSERT INTO olos_checklist_items (id, objective_id, ordinal, instruction, linked_overlay_id, required_input_type, required) VALUES ('ecology--act--1', 'ecology--act', 1, 'Confirm the Act Handoff Package is in place and the prerequisites are met.', NULL, 'reference', true);
INSERT INTO olos_checklist_items (id, objective_id, ordinal, instruction, linked_overlay_id, required_input_type, required) VALUES ('ecology--act--2', 'ecology--act', 2, 'Assign / accept the task, schedule the work window, and confirm materials are available.', NULL, 'decision', true);
INSERT INTO olos_checklist_items (id, objective_id, ordinal, instruction, linked_overlay_id, required_input_type, required) VALUES ('ecology--act--3', 'ecology--act', 3, 'Execute the work; capture progress proof (photo, measurement, note) at key checkpoints.', NULL, 'proof', true);
INSERT INTO olos_checklist_items (id, objective_id, ordinal, instruction, linked_overlay_id, required_input_type, required) VALUES ('ecology--act--4', 'ecology--act', 4, 'Submit completion proof and request verification.', NULL, 'proof', true);
INSERT INTO olos_checklist_items (id, objective_id, ordinal, instruction, linked_overlay_id, required_input_type, required) VALUES ('ecology--act--5', 'ecology--act', 5, 'Receive verification outcome; address rework or sign off completion.', NULL, 'verification', true);
INSERT INTO olos_checklist_items (id, objective_id, ordinal, instruction, linked_overlay_id, required_input_type, required) VALUES ('ecology--act--6', 'ecology--act', 6, 'Establish photo points / monitoring plots and capture baseline imagery before any planting.', NULL, 'proof', true);
INSERT INTO olos_checklist_items (id, objective_id, ordinal, instruction, linked_overlay_id, required_input_type, required) VALUES ('plants-food--observe--1', 'plants-food--observe', 1, 'Walk the relevant area of the site and photograph the current state.', NULL, 'evidence', true);
INSERT INTO olos_checklist_items (id, objective_id, ordinal, instruction, linked_overlay_id, required_input_type, required) VALUES ('plants-food--observe--2', 'plants-food--observe', 2, 'Sketch the area on the map and tag it with the relevant overlay.', NULL, 'evidence', true);
INSERT INTO olos_checklist_items (id, objective_id, ordinal, instruction, linked_overlay_id, required_input_type, required) VALUES ('plants-food--observe--3', 'plants-food--observe', 3, 'Note constraints, unknowns, and disqualifier flags.', NULL, 'evidence', true);
INSERT INTO olos_checklist_items (id, objective_id, ordinal, instruction, linked_overlay_id, required_input_type, required) VALUES ('plants-food--observe--4', 'plants-food--observe', 4, 'Inventory existing trees, crops, beds, and pasture; note variety, age, health, and yield estimate.', NULL, 'evidence', true);
INSERT INTO olos_checklist_items (id, objective_id, ordinal, instruction, linked_overlay_id, required_input_type, required) VALUES ('plants-food--observe--5', 'plants-food--observe', 5, 'Identify pest, disease, or weed pressure and any constraints from soil / water observations.', NULL, 'evidence', true);
INSERT INTO olos_checklist_items (id, objective_id, ordinal, instruction, linked_overlay_id, required_input_type, required) VALUES ('plants-food--plan--1', 'plants-food--plan', 1, 'Review the upstream Observe record(s) and confirm all required inputs are present.', NULL, 'reference', true);
INSERT INTO olos_checklist_items (id, objective_id, ordinal, instruction, linked_overlay_id, required_input_type, required) VALUES ('plants-food--plan--2', 'plants-food--plan', 2, 'Generate at least two options and articulate the trade-offs of each.', NULL, 'decision', true);
INSERT INTO olos_checklist_items (id, objective_id, ordinal, instruction, linked_overlay_id, required_input_type, required) VALUES ('plants-food--plan--3', 'plants-food--plan', 3, 'Select the preferred option, capture rationale, assumptions, dependencies, and risk flags.', NULL, 'decision', true);
INSERT INTO olos_checklist_items (id, objective_id, ordinal, instruction, linked_overlay_id, required_input_type, required) VALUES ('plants-food--plan--4', 'plants-food--plan', 4, 'Specify crop / tree / pasture layout with guilds, rotations, and harvest windows.', 'zones', 'decision', true);
INSERT INTO olos_checklist_items (id, objective_id, ordinal, instruction, linked_overlay_id, required_input_type, required) VALUES ('plants-food--act--1', 'plants-food--act', 1, 'Confirm the Act Handoff Package is in place and the prerequisites are met.', NULL, 'reference', true);
INSERT INTO olos_checklist_items (id, objective_id, ordinal, instruction, linked_overlay_id, required_input_type, required) VALUES ('plants-food--act--2', 'plants-food--act', 2, 'Assign / accept the task, schedule the work window, and confirm materials are available.', NULL, 'decision', true);
INSERT INTO olos_checklist_items (id, objective_id, ordinal, instruction, linked_overlay_id, required_input_type, required) VALUES ('plants-food--act--3', 'plants-food--act', 3, 'Execute the work; capture progress proof (photo, measurement, note) at key checkpoints.', NULL, 'proof', true);
INSERT INTO olos_checklist_items (id, objective_id, ordinal, instruction, linked_overlay_id, required_input_type, required) VALUES ('plants-food--act--4', 'plants-food--act', 4, 'Submit completion proof and request verification.', NULL, 'proof', true);
INSERT INTO olos_checklist_items (id, objective_id, ordinal, instruction, linked_overlay_id, required_input_type, required) VALUES ('plants-food--act--5', 'plants-food--act', 5, 'Receive verification outcome; address rework or sign off completion.', NULL, 'verification', true);
INSERT INTO olos_checklist_items (id, objective_id, ordinal, instruction, linked_overlay_id, required_input_type, required) VALUES ('plants-food--act--6', 'plants-food--act', 6, 'Record planting dates, varieties, locations, and survival rates after the first season.', NULL, 'proof', true);
INSERT INTO olos_checklist_items (id, objective_id, ordinal, instruction, linked_overlay_id, required_input_type, required) VALUES ('animals-livestock--observe--1', 'animals-livestock--observe', 1, 'Walk the relevant area of the site and photograph the current state.', NULL, 'evidence', true);
INSERT INTO olos_checklist_items (id, objective_id, ordinal, instruction, linked_overlay_id, required_input_type, required) VALUES ('animals-livestock--observe--2', 'animals-livestock--observe', 2, 'Sketch the area on the map and tag it with the relevant overlay.', NULL, 'evidence', true);
INSERT INTO olos_checklist_items (id, objective_id, ordinal, instruction, linked_overlay_id, required_input_type, required) VALUES ('animals-livestock--observe--3', 'animals-livestock--observe', 3, 'Note constraints, unknowns, and disqualifier flags.', NULL, 'evidence', true);
INSERT INTO olos_checklist_items (id, objective_id, ordinal, instruction, linked_overlay_id, required_input_type, required) VALUES ('animals-livestock--observe--4', 'animals-livestock--observe', 4, 'Inventory existing livestock, working animals, and notable wildlife; note welfare concerns.', NULL, 'evidence', true);
INSERT INTO olos_checklist_items (id, objective_id, ordinal, instruction, linked_overlay_id, required_input_type, required) VALUES ('animals-livestock--observe--5', 'animals-livestock--observe', 5, 'Identify predation risk, pest impact, and any zoonotic / safety considerations.', NULL, 'evidence', true);
INSERT INTO olos_checklist_items (id, objective_id, ordinal, instruction, linked_overlay_id, required_input_type, required) VALUES ('animals-livestock--plan--1', 'animals-livestock--plan', 1, 'Review the upstream Observe record(s) and confirm all required inputs are present.', NULL, 'reference', true);
INSERT INTO olos_checklist_items (id, objective_id, ordinal, instruction, linked_overlay_id, required_input_type, required) VALUES ('animals-livestock--plan--2', 'animals-livestock--plan', 2, 'Generate at least two options and articulate the trade-offs of each.', NULL, 'decision', true);
INSERT INTO olos_checklist_items (id, objective_id, ordinal, instruction, linked_overlay_id, required_input_type, required) VALUES ('animals-livestock--plan--3', 'animals-livestock--plan', 3, 'Select the preferred option, capture rationale, assumptions, dependencies, and risk flags.', NULL, 'decision', true);
INSERT INTO olos_checklist_items (id, objective_id, ordinal, instruction, linked_overlay_id, required_input_type, required) VALUES ('animals-livestock--plan--4', 'animals-livestock--plan', 4, 'Specify species, stocking rates, rotation pattern, shelter, water, and fencing.', NULL, 'decision', true);
INSERT INTO olos_checklist_items (id, objective_id, ordinal, instruction, linked_overlay_id, required_input_type, required) VALUES ('animals-livestock--act--1', 'animals-livestock--act', 1, 'Confirm the Act Handoff Package is in place and the prerequisites are met.', NULL, 'reference', true);
INSERT INTO olos_checklist_items (id, objective_id, ordinal, instruction, linked_overlay_id, required_input_type, required) VALUES ('animals-livestock--act--2', 'animals-livestock--act', 2, 'Assign / accept the task, schedule the work window, and confirm materials are available.', NULL, 'decision', true);
INSERT INTO olos_checklist_items (id, objective_id, ordinal, instruction, linked_overlay_id, required_input_type, required) VALUES ('animals-livestock--act--3', 'animals-livestock--act', 3, 'Execute the work; capture progress proof (photo, measurement, note) at key checkpoints.', NULL, 'proof', true);
INSERT INTO olos_checklist_items (id, objective_id, ordinal, instruction, linked_overlay_id, required_input_type, required) VALUES ('animals-livestock--act--4', 'animals-livestock--act', 4, 'Submit completion proof and request verification.', NULL, 'proof', true);
INSERT INTO olos_checklist_items (id, objective_id, ordinal, instruction, linked_overlay_id, required_input_type, required) VALUES ('animals-livestock--act--5', 'animals-livestock--act', 5, 'Receive verification outcome; address rework or sign off completion.', NULL, 'verification', true);
INSERT INTO olos_checklist_items (id, objective_id, ordinal, instruction, linked_overlay_id, required_input_type, required) VALUES ('animals-livestock--act--6', 'animals-livestock--act', 6, 'Capture rotation moves, health checks, and any incidents with date-stamped proof.', NULL, 'proof', true);
INSERT INTO olos_checklist_items (id, objective_id, ordinal, instruction, linked_overlay_id, required_input_type, required) VALUES ('built-infrastructure--observe--1', 'built-infrastructure--observe', 1, 'Walk the relevant area of the site and photograph the current state.', NULL, 'evidence', true);
INSERT INTO olos_checklist_items (id, objective_id, ordinal, instruction, linked_overlay_id, required_input_type, required) VALUES ('built-infrastructure--observe--2', 'built-infrastructure--observe', 2, 'Sketch the area on the map and tag it with the relevant overlay.', NULL, 'evidence', true);
INSERT INTO olos_checklist_items (id, objective_id, ordinal, instruction, linked_overlay_id, required_input_type, required) VALUES ('built-infrastructure--observe--3', 'built-infrastructure--observe', 3, 'Note constraints, unknowns, and disqualifier flags.', NULL, 'evidence', true);
INSERT INTO olos_checklist_items (id, objective_id, ordinal, instruction, linked_overlay_id, required_input_type, required) VALUES ('built-infrastructure--observe--4', 'built-infrastructure--observe', 4, 'Inventory existing structures with condition rating, year built, and known issues.', 'infrastructure-utilities', 'evidence', true);
INSERT INTO olos_checklist_items (id, objective_id, ordinal, instruction, linked_overlay_id, required_input_type, required) VALUES ('built-infrastructure--observe--5', 'built-infrastructure--observe', 5, 'Note any compliance, permit, or insurance constraints on existing structures.', NULL, 'evidence', true);
INSERT INTO olos_checklist_items (id, objective_id, ordinal, instruction, linked_overlay_id, required_input_type, required) VALUES ('built-infrastructure--plan--1', 'built-infrastructure--plan', 1, 'Review the upstream Observe record(s) and confirm all required inputs are present.', NULL, 'reference', true);
INSERT INTO olos_checklist_items (id, objective_id, ordinal, instruction, linked_overlay_id, required_input_type, required) VALUES ('built-infrastructure--plan--2', 'built-infrastructure--plan', 2, 'Generate at least two options and articulate the trade-offs of each.', NULL, 'decision', true);
INSERT INTO olos_checklist_items (id, objective_id, ordinal, instruction, linked_overlay_id, required_input_type, required) VALUES ('built-infrastructure--plan--3', 'built-infrastructure--plan', 3, 'Select the preferred option, capture rationale, assumptions, dependencies, and risk flags.', NULL, 'decision', true);
INSERT INTO olos_checklist_items (id, objective_id, ordinal, instruction, linked_overlay_id, required_input_type, required) VALUES ('built-infrastructure--plan--4', 'built-infrastructure--plan', 4, 'Specify new builds, repairs, demolitions, and their phasing.', 'timeline-phasing', 'decision', true);
INSERT INTO olos_checklist_items (id, objective_id, ordinal, instruction, linked_overlay_id, required_input_type, required) VALUES ('built-infrastructure--act--1', 'built-infrastructure--act', 1, 'Confirm the Act Handoff Package is in place and the prerequisites are met.', NULL, 'reference', true);
INSERT INTO olos_checklist_items (id, objective_id, ordinal, instruction, linked_overlay_id, required_input_type, required) VALUES ('built-infrastructure--act--2', 'built-infrastructure--act', 2, 'Assign / accept the task, schedule the work window, and confirm materials are available.', NULL, 'decision', true);
INSERT INTO olos_checklist_items (id, objective_id, ordinal, instruction, linked_overlay_id, required_input_type, required) VALUES ('built-infrastructure--act--3', 'built-infrastructure--act', 3, 'Execute the work; capture progress proof (photo, measurement, note) at key checkpoints.', NULL, 'proof', true);
INSERT INTO olos_checklist_items (id, objective_id, ordinal, instruction, linked_overlay_id, required_input_type, required) VALUES ('built-infrastructure--act--4', 'built-infrastructure--act', 4, 'Submit completion proof and request verification.', NULL, 'proof', true);
INSERT INTO olos_checklist_items (id, objective_id, ordinal, instruction, linked_overlay_id, required_input_type, required) VALUES ('built-infrastructure--act--5', 'built-infrastructure--act', 5, 'Receive verification outcome; address rework or sign off completion.', NULL, 'verification', true);
INSERT INTO olos_checklist_items (id, objective_id, ordinal, instruction, linked_overlay_id, required_input_type, required) VALUES ('built-infrastructure--act--6', 'built-infrastructure--act', 6, 'Capture inspection sign-off (self, contractor, or regulator) for each completed structure.', NULL, 'verification', true);
INSERT INTO olos_checklist_items (id, objective_id, ordinal, instruction, linked_overlay_id, required_input_type, required) VALUES ('access-circulation--observe--1', 'access-circulation--observe', 1, 'Walk the relevant area of the site and photograph the current state.', NULL, 'evidence', true);
INSERT INTO olos_checklist_items (id, objective_id, ordinal, instruction, linked_overlay_id, required_input_type, required) VALUES ('access-circulation--observe--2', 'access-circulation--observe', 2, 'Sketch the area on the map and tag it with the relevant overlay.', NULL, 'evidence', true);
INSERT INTO olos_checklist_items (id, objective_id, ordinal, instruction, linked_overlay_id, required_input_type, required) VALUES ('access-circulation--observe--3', 'access-circulation--observe', 3, 'Note constraints, unknowns, and disqualifier flags.', NULL, 'evidence', true);
INSERT INTO olos_checklist_items (id, objective_id, ordinal, instruction, linked_overlay_id, required_input_type, required) VALUES ('access-circulation--observe--4', 'access-circulation--observe', 4, 'Map all roads, tracks, paths, gates, and frequent movement lines.', 'access-movement', 'evidence', true);
INSERT INTO olos_checklist_items (id, objective_id, ordinal, instruction, linked_overlay_id, required_input_type, required) VALUES ('access-circulation--observe--5', 'access-circulation--observe', 5, 'Identify access constraints — narrow tracks, seasonal closures, emergency egress gaps.', NULL, 'evidence', true);
INSERT INTO olos_checklist_items (id, objective_id, ordinal, instruction, linked_overlay_id, required_input_type, required) VALUES ('access-circulation--plan--1', 'access-circulation--plan', 1, 'Review the upstream Observe record(s) and confirm all required inputs are present.', NULL, 'reference', true);
INSERT INTO olos_checklist_items (id, objective_id, ordinal, instruction, linked_overlay_id, required_input_type, required) VALUES ('access-circulation--plan--2', 'access-circulation--plan', 2, 'Generate at least two options and articulate the trade-offs of each.', NULL, 'decision', true);
INSERT INTO olos_checklist_items (id, objective_id, ordinal, instruction, linked_overlay_id, required_input_type, required) VALUES ('access-circulation--plan--3', 'access-circulation--plan', 3, 'Select the preferred option, capture rationale, assumptions, dependencies, and risk flags.', NULL, 'decision', true);
INSERT INTO olos_checklist_items (id, objective_id, ordinal, instruction, linked_overlay_id, required_input_type, required) VALUES ('access-circulation--plan--4', 'access-circulation--plan', 4, 'Specify access network with surface type, width, gates, and emergency-egress checks.', NULL, 'decision', true);
INSERT INTO olos_checklist_items (id, objective_id, ordinal, instruction, linked_overlay_id, required_input_type, required) VALUES ('access-circulation--act--1', 'access-circulation--act', 1, 'Confirm the Act Handoff Package is in place and the prerequisites are met.', NULL, 'reference', true);
INSERT INTO olos_checklist_items (id, objective_id, ordinal, instruction, linked_overlay_id, required_input_type, required) VALUES ('access-circulation--act--2', 'access-circulation--act', 2, 'Assign / accept the task, schedule the work window, and confirm materials are available.', NULL, 'decision', true);
INSERT INTO olos_checklist_items (id, objective_id, ordinal, instruction, linked_overlay_id, required_input_type, required) VALUES ('access-circulation--act--3', 'access-circulation--act', 3, 'Execute the work; capture progress proof (photo, measurement, note) at key checkpoints.', NULL, 'proof', true);
INSERT INTO olos_checklist_items (id, objective_id, ordinal, instruction, linked_overlay_id, required_input_type, required) VALUES ('access-circulation--act--4', 'access-circulation--act', 4, 'Submit completion proof and request verification.', NULL, 'proof', true);
INSERT INTO olos_checklist_items (id, objective_id, ordinal, instruction, linked_overlay_id, required_input_type, required) VALUES ('access-circulation--act--5', 'access-circulation--act', 5, 'Receive verification outcome; address rework or sign off completion.', NULL, 'verification', true);
INSERT INTO olos_checklist_items (id, objective_id, ordinal, instruction, linked_overlay_id, required_input_type, required) VALUES ('access-circulation--act--6', 'access-circulation--act', 6, 'Drive / walk each completed route loaded with worst-case usage and capture proof.', NULL, 'proof', true);
INSERT INTO olos_checklist_items (id, objective_id, ordinal, instruction, linked_overlay_id, required_input_type, required) VALUES ('energy-resources--observe--1', 'energy-resources--observe', 1, 'Walk the relevant area of the site and photograph the current state.', NULL, 'evidence', true);
INSERT INTO olos_checklist_items (id, objective_id, ordinal, instruction, linked_overlay_id, required_input_type, required) VALUES ('energy-resources--observe--2', 'energy-resources--observe', 2, 'Sketch the area on the map and tag it with the relevant overlay.', NULL, 'evidence', true);
INSERT INTO olos_checklist_items (id, objective_id, ordinal, instruction, linked_overlay_id, required_input_type, required) VALUES ('energy-resources--observe--3', 'energy-resources--observe', 3, 'Note constraints, unknowns, and disqualifier flags.', NULL, 'evidence', true);
INSERT INTO olos_checklist_items (id, objective_id, ordinal, instruction, linked_overlay_id, required_input_type, required) VALUES ('energy-resources--observe--4', 'energy-resources--observe', 4, 'Map inputs (fuel, feed, fertiliser, electricity), outputs (yield, waste), and recovery loops.', 'resource-flows', 'evidence', true);
INSERT INTO olos_checklist_items (id, objective_id, ordinal, instruction, linked_overlay_id, required_input_type, required) VALUES ('energy-resources--observe--5', 'energy-resources--observe', 5, 'Identify the largest cost / waste streams and any leak points.', NULL, 'evidence', true);
INSERT INTO olos_checklist_items (id, objective_id, ordinal, instruction, linked_overlay_id, required_input_type, required) VALUES ('energy-resources--plan--1', 'energy-resources--plan', 1, 'Review the upstream Observe record(s) and confirm all required inputs are present.', NULL, 'reference', true);
INSERT INTO olos_checklist_items (id, objective_id, ordinal, instruction, linked_overlay_id, required_input_type, required) VALUES ('energy-resources--plan--2', 'energy-resources--plan', 2, 'Generate at least two options and articulate the trade-offs of each.', NULL, 'decision', true);
INSERT INTO olos_checklist_items (id, objective_id, ordinal, instruction, linked_overlay_id, required_input_type, required) VALUES ('energy-resources--plan--3', 'energy-resources--plan', 3, 'Select the preferred option, capture rationale, assumptions, dependencies, and risk flags.', NULL, 'decision', true);
INSERT INTO olos_checklist_items (id, objective_id, ordinal, instruction, linked_overlay_id, required_input_type, required) VALUES ('energy-resources--plan--4', 'energy-resources--plan', 4, 'Specify solar / wind / biomass capture, composting, greywater, and recovery systems.', NULL, 'decision', true);
INSERT INTO olos_checklist_items (id, objective_id, ordinal, instruction, linked_overlay_id, required_input_type, required) VALUES ('energy-resources--act--1', 'energy-resources--act', 1, 'Confirm the Act Handoff Package is in place and the prerequisites are met.', NULL, 'reference', true);
INSERT INTO olos_checklist_items (id, objective_id, ordinal, instruction, linked_overlay_id, required_input_type, required) VALUES ('energy-resources--act--2', 'energy-resources--act', 2, 'Assign / accept the task, schedule the work window, and confirm materials are available.', NULL, 'decision', true);
INSERT INTO olos_checklist_items (id, objective_id, ordinal, instruction, linked_overlay_id, required_input_type, required) VALUES ('energy-resources--act--3', 'energy-resources--act', 3, 'Execute the work; capture progress proof (photo, measurement, note) at key checkpoints.', NULL, 'proof', true);
INSERT INTO olos_checklist_items (id, objective_id, ordinal, instruction, linked_overlay_id, required_input_type, required) VALUES ('energy-resources--act--4', 'energy-resources--act', 4, 'Submit completion proof and request verification.', NULL, 'proof', true);
INSERT INTO olos_checklist_items (id, objective_id, ordinal, instruction, linked_overlay_id, required_input_type, required) VALUES ('energy-resources--act--5', 'energy-resources--act', 5, 'Receive verification outcome; address rework or sign off completion.', NULL, 'verification', true);
INSERT INTO olos_checklist_items (id, objective_id, ordinal, instruction, linked_overlay_id, required_input_type, required) VALUES ('energy-resources--act--6', 'energy-resources--act', 6, 'Capture commissioning / first-cycle output for each system.', NULL, 'proof', true);
INSERT INTO olos_checklist_items (id, objective_id, ordinal, instruction, linked_overlay_id, required_input_type, required) VALUES ('people-governance--observe--1', 'people-governance--observe', 1, 'Walk the relevant area of the site and photograph the current state.', NULL, 'evidence', true);
INSERT INTO olos_checklist_items (id, objective_id, ordinal, instruction, linked_overlay_id, required_input_type, required) VALUES ('people-governance--observe--2', 'people-governance--observe', 2, 'Sketch the area on the map and tag it with the relevant overlay.', NULL, 'evidence', true);
INSERT INTO olos_checklist_items (id, objective_id, ordinal, instruction, linked_overlay_id, required_input_type, required) VALUES ('people-governance--observe--3', 'people-governance--observe', 3, 'Note constraints, unknowns, and disqualifier flags.', NULL, 'evidence', true);
INSERT INTO olos_checklist_items (id, objective_id, ordinal, instruction, linked_overlay_id, required_input_type, required) VALUES ('people-governance--observe--4', 'people-governance--observe', 4, 'List all stakeholders, current roles, decision authority, and time availability.', 'roles-responsibility', 'evidence', true);
INSERT INTO olos_checklist_items (id, objective_id, ordinal, instruction, linked_overlay_id, required_input_type, required) VALUES ('people-governance--observe--5', 'people-governance--observe', 5, 'Capture skill gaps, conflicts, and any governance ambiguity.', NULL, 'evidence', true);
INSERT INTO olos_checklist_items (id, objective_id, ordinal, instruction, linked_overlay_id, required_input_type, required) VALUES ('people-governance--plan--1', 'people-governance--plan', 1, 'Review the upstream Observe record(s) and confirm all required inputs are present.', NULL, 'reference', true);
INSERT INTO olos_checklist_items (id, objective_id, ordinal, instruction, linked_overlay_id, required_input_type, required) VALUES ('people-governance--plan--2', 'people-governance--plan', 2, 'Generate at least two options and articulate the trade-offs of each.', NULL, 'decision', true);
INSERT INTO olos_checklist_items (id, objective_id, ordinal, instruction, linked_overlay_id, required_input_type, required) VALUES ('people-governance--plan--3', 'people-governance--plan', 3, 'Select the preferred option, capture rationale, assumptions, dependencies, and risk flags.', NULL, 'decision', true);
INSERT INTO olos_checklist_items (id, objective_id, ordinal, instruction, linked_overlay_id, required_input_type, required) VALUES ('people-governance--plan--4', 'people-governance--plan', 4, 'Publish a roles & responsibilities matrix and a decision-rights map.', NULL, 'decision', true);
INSERT INTO olos_checklist_items (id, objective_id, ordinal, instruction, linked_overlay_id, required_input_type, required) VALUES ('people-governance--act--1', 'people-governance--act', 1, 'Confirm the Act Handoff Package is in place and the prerequisites are met.', NULL, 'reference', true);
INSERT INTO olos_checklist_items (id, objective_id, ordinal, instruction, linked_overlay_id, required_input_type, required) VALUES ('people-governance--act--2', 'people-governance--act', 2, 'Assign / accept the task, schedule the work window, and confirm materials are available.', NULL, 'decision', true);
INSERT INTO olos_checklist_items (id, objective_id, ordinal, instruction, linked_overlay_id, required_input_type, required) VALUES ('people-governance--act--3', 'people-governance--act', 3, 'Execute the work; capture progress proof (photo, measurement, note) at key checkpoints.', NULL, 'proof', true);
INSERT INTO olos_checklist_items (id, objective_id, ordinal, instruction, linked_overlay_id, required_input_type, required) VALUES ('people-governance--act--4', 'people-governance--act', 4, 'Submit completion proof and request verification.', NULL, 'proof', true);
INSERT INTO olos_checklist_items (id, objective_id, ordinal, instruction, linked_overlay_id, required_input_type, required) VALUES ('people-governance--act--5', 'people-governance--act', 5, 'Receive verification outcome; address rework or sign off completion.', NULL, 'verification', true);
INSERT INTO olos_checklist_items (id, objective_id, ordinal, instruction, linked_overlay_id, required_input_type, required) VALUES ('people-governance--act--6', 'people-governance--act', 6, 'Capture onboarding sign-off for each role holder.', NULL, 'verification', true);
INSERT INTO olos_checklist_items (id, objective_id, ordinal, instruction, linked_overlay_id, required_input_type, required) VALUES ('economics-capacity--observe--1', 'economics-capacity--observe', 1, 'Walk the relevant area of the site and photograph the current state.', NULL, 'evidence', true);
INSERT INTO olos_checklist_items (id, objective_id, ordinal, instruction, linked_overlay_id, required_input_type, required) VALUES ('economics-capacity--observe--2', 'economics-capacity--observe', 2, 'Sketch the area on the map and tag it with the relevant overlay.', NULL, 'evidence', true);
INSERT INTO olos_checklist_items (id, objective_id, ordinal, instruction, linked_overlay_id, required_input_type, required) VALUES ('economics-capacity--observe--3', 'economics-capacity--observe', 3, 'Note constraints, unknowns, and disqualifier flags.', NULL, 'evidence', true);
INSERT INTO olos_checklist_items (id, objective_id, ordinal, instruction, linked_overlay_id, required_input_type, required) VALUES ('economics-capacity--observe--4', 'economics-capacity--observe', 4, 'Capture budget envelope, available labour-hours, and time horizon.', NULL, 'evidence', true);
INSERT INTO olos_checklist_items (id, objective_id, ordinal, instruction, linked_overlay_id, required_input_type, required) VALUES ('economics-capacity--observe--5', 'economics-capacity--observe', 5, 'Note any covenant-grounded constraints on capital channels (no riba, no gharar).', NULL, 'evidence', true);
INSERT INTO olos_checklist_items (id, objective_id, ordinal, instruction, linked_overlay_id, required_input_type, required) VALUES ('economics-capacity--plan--1', 'economics-capacity--plan', 1, 'Review the upstream Observe record(s) and confirm all required inputs are present.', NULL, 'reference', true);
INSERT INTO olos_checklist_items (id, objective_id, ordinal, instruction, linked_overlay_id, required_input_type, required) VALUES ('economics-capacity--plan--2', 'economics-capacity--plan', 2, 'Generate at least two options and articulate the trade-offs of each.', NULL, 'decision', true);
INSERT INTO olos_checklist_items (id, objective_id, ordinal, instruction, linked_overlay_id, required_input_type, required) VALUES ('economics-capacity--plan--3', 'economics-capacity--plan', 3, 'Select the preferred option, capture rationale, assumptions, dependencies, and risk flags.', NULL, 'decision', true);
INSERT INTO olos_checklist_items (id, objective_id, ordinal, instruction, linked_overlay_id, required_input_type, required) VALUES ('economics-capacity--plan--4', 'economics-capacity--plan', 4, 'Publish a phased budget that maps work packages to capital channels and labour windows.', 'timeline-phasing', 'decision', true);
INSERT INTO olos_checklist_items (id, objective_id, ordinal, instruction, linked_overlay_id, required_input_type, required) VALUES ('economics-capacity--act--1', 'economics-capacity--act', 1, 'Confirm the Act Handoff Package is in place and the prerequisites are met.', NULL, 'reference', true);
INSERT INTO olos_checklist_items (id, objective_id, ordinal, instruction, linked_overlay_id, required_input_type, required) VALUES ('economics-capacity--act--2', 'economics-capacity--act', 2, 'Assign / accept the task, schedule the work window, and confirm materials are available.', NULL, 'decision', true);
INSERT INTO olos_checklist_items (id, objective_id, ordinal, instruction, linked_overlay_id, required_input_type, required) VALUES ('economics-capacity--act--3', 'economics-capacity--act', 3, 'Execute the work; capture progress proof (photo, measurement, note) at key checkpoints.', NULL, 'proof', true);
INSERT INTO olos_checklist_items (id, objective_id, ordinal, instruction, linked_overlay_id, required_input_type, required) VALUES ('economics-capacity--act--4', 'economics-capacity--act', 4, 'Submit completion proof and request verification.', NULL, 'proof', true);
INSERT INTO olos_checklist_items (id, objective_id, ordinal, instruction, linked_overlay_id, required_input_type, required) VALUES ('economics-capacity--act--5', 'economics-capacity--act', 5, 'Receive verification outcome; address rework or sign off completion.', NULL, 'verification', true);
INSERT INTO olos_checklist_items (id, objective_id, ordinal, instruction, linked_overlay_id, required_input_type, required) VALUES ('economics-capacity--act--6', 'economics-capacity--act', 6, 'Capture receipts, time logs, and variance reports for each phase.', NULL, 'proof', true);
INSERT INTO olos_checklist_items (id, objective_id, ordinal, instruction, linked_overlay_id, required_input_type, required) VALUES ('risk-compliance--observe--1', 'risk-compliance--observe', 1, 'Walk the relevant area of the site and photograph the current state.', NULL, 'evidence', true);
INSERT INTO olos_checklist_items (id, objective_id, ordinal, instruction, linked_overlay_id, required_input_type, required) VALUES ('risk-compliance--observe--2', 'risk-compliance--observe', 2, 'Sketch the area on the map and tag it with the relevant overlay.', NULL, 'evidence', true);
INSERT INTO olos_checklist_items (id, objective_id, ordinal, instruction, linked_overlay_id, required_input_type, required) VALUES ('risk-compliance--observe--3', 'risk-compliance--observe', 3, 'Note constraints, unknowns, and disqualifier flags.', NULL, 'evidence', true);
INSERT INTO olos_checklist_items (id, objective_id, ordinal, instruction, linked_overlay_id, required_input_type, required) VALUES ('risk-compliance--observe--4', 'risk-compliance--observe', 4, 'List zoning, permit, easement, and other regulatory constraints.', 'risk-compliance', 'evidence', true);
INSERT INTO olos_checklist_items (id, objective_id, ordinal, instruction, linked_overlay_id, required_input_type, required) VALUES ('risk-compliance--observe--5', 'risk-compliance--observe', 5, 'Identify safety hazards, hazardous materials, fire / flood risk, and any disqualifier flags.', NULL, 'evidence', true);
INSERT INTO olos_checklist_items (id, objective_id, ordinal, instruction, linked_overlay_id, required_input_type, required) VALUES ('risk-compliance--plan--1', 'risk-compliance--plan', 1, 'Review the upstream Observe record(s) and confirm all required inputs are present.', NULL, 'reference', true);
INSERT INTO olos_checklist_items (id, objective_id, ordinal, instruction, linked_overlay_id, required_input_type, required) VALUES ('risk-compliance--plan--2', 'risk-compliance--plan', 2, 'Generate at least two options and articulate the trade-offs of each.', NULL, 'decision', true);
INSERT INTO olos_checklist_items (id, objective_id, ordinal, instruction, linked_overlay_id, required_input_type, required) VALUES ('risk-compliance--plan--3', 'risk-compliance--plan', 3, 'Select the preferred option, capture rationale, assumptions, dependencies, and risk flags.', NULL, 'decision', true);
INSERT INTO olos_checklist_items (id, objective_id, ordinal, instruction, linked_overlay_id, required_input_type, required) VALUES ('risk-compliance--plan--4', 'risk-compliance--plan', 4, 'Publish a risk register with mitigations, owners, and a compliance checklist.', NULL, 'decision', true);
INSERT INTO olos_checklist_items (id, objective_id, ordinal, instruction, linked_overlay_id, required_input_type, required) VALUES ('risk-compliance--act--1', 'risk-compliance--act', 1, 'Confirm the Act Handoff Package is in place and the prerequisites are met.', NULL, 'reference', true);
INSERT INTO olos_checklist_items (id, objective_id, ordinal, instruction, linked_overlay_id, required_input_type, required) VALUES ('risk-compliance--act--2', 'risk-compliance--act', 2, 'Assign / accept the task, schedule the work window, and confirm materials are available.', NULL, 'decision', true);
INSERT INTO olos_checklist_items (id, objective_id, ordinal, instruction, linked_overlay_id, required_input_type, required) VALUES ('risk-compliance--act--3', 'risk-compliance--act', 3, 'Execute the work; capture progress proof (photo, measurement, note) at key checkpoints.', NULL, 'proof', true);
INSERT INTO olos_checklist_items (id, objective_id, ordinal, instruction, linked_overlay_id, required_input_type, required) VALUES ('risk-compliance--act--4', 'risk-compliance--act', 4, 'Submit completion proof and request verification.', NULL, 'proof', true);
INSERT INTO olos_checklist_items (id, objective_id, ordinal, instruction, linked_overlay_id, required_input_type, required) VALUES ('risk-compliance--act--5', 'risk-compliance--act', 5, 'Receive verification outcome; address rework or sign off completion.', NULL, 'verification', true);
INSERT INTO olos_checklist_items (id, objective_id, ordinal, instruction, linked_overlay_id, required_input_type, required) VALUES ('risk-compliance--act--6', 'risk-compliance--act', 6, 'Capture inspection reports and compliance sign-offs for each control.', NULL, 'verification', true);
INSERT INTO olos_checklist_items (id, objective_id, ordinal, instruction, linked_overlay_id, required_input_type, required) VALUES ('monitoring-records--observe--1', 'monitoring-records--observe', 1, 'Walk the relevant area of the site and photograph the current state.', NULL, 'evidence', true);
INSERT INTO olos_checklist_items (id, objective_id, ordinal, instruction, linked_overlay_id, required_input_type, required) VALUES ('monitoring-records--observe--2', 'monitoring-records--observe', 2, 'Sketch the area on the map and tag it with the relevant overlay.', NULL, 'evidence', true);
INSERT INTO olos_checklist_items (id, objective_id, ordinal, instruction, linked_overlay_id, required_input_type, required) VALUES ('monitoring-records--observe--3', 'monitoring-records--observe', 3, 'Note constraints, unknowns, and disqualifier flags.', NULL, 'evidence', true);
INSERT INTO olos_checklist_items (id, objective_id, ordinal, instruction, linked_overlay_id, required_input_type, required) VALUES ('monitoring-records--observe--4', 'monitoring-records--observe', 4, 'Inventory existing logs, photo points, sensors, and reporting cadences.', 'monitoring-records', 'evidence', true);
INSERT INTO olos_checklist_items (id, objective_id, ordinal, instruction, linked_overlay_id, required_input_type, required) VALUES ('monitoring-records--observe--5', 'monitoring-records--observe', 5, 'Note any record gaps that block downstream decisions.', NULL, 'evidence', true);
INSERT INTO olos_checklist_items (id, objective_id, ordinal, instruction, linked_overlay_id, required_input_type, required) VALUES ('monitoring-records--plan--1', 'monitoring-records--plan', 1, 'Review the upstream Observe record(s) and confirm all required inputs are present.', NULL, 'reference', true);
INSERT INTO olos_checklist_items (id, objective_id, ordinal, instruction, linked_overlay_id, required_input_type, required) VALUES ('monitoring-records--plan--2', 'monitoring-records--plan', 2, 'Generate at least two options and articulate the trade-offs of each.', NULL, 'decision', true);
INSERT INTO olos_checklist_items (id, objective_id, ordinal, instruction, linked_overlay_id, required_input_type, required) VALUES ('monitoring-records--plan--3', 'monitoring-records--plan', 3, 'Select the preferred option, capture rationale, assumptions, dependencies, and risk flags.', NULL, 'decision', true);
INSERT INTO olos_checklist_items (id, objective_id, ordinal, instruction, linked_overlay_id, required_input_type, required) VALUES ('monitoring-records--plan--4', 'monitoring-records--plan', 4, 'Publish a monitoring plan with metrics, points, frequency, and reviewers.', NULL, 'decision', true);
INSERT INTO olos_checklist_items (id, objective_id, ordinal, instruction, linked_overlay_id, required_input_type, required) VALUES ('monitoring-records--act--1', 'monitoring-records--act', 1, 'Confirm the Act Handoff Package is in place and the prerequisites are met.', NULL, 'reference', true);
INSERT INTO olos_checklist_items (id, objective_id, ordinal, instruction, linked_overlay_id, required_input_type, required) VALUES ('monitoring-records--act--2', 'monitoring-records--act', 2, 'Assign / accept the task, schedule the work window, and confirm materials are available.', NULL, 'decision', true);
INSERT INTO olos_checklist_items (id, objective_id, ordinal, instruction, linked_overlay_id, required_input_type, required) VALUES ('monitoring-records--act--3', 'monitoring-records--act', 3, 'Execute the work; capture progress proof (photo, measurement, note) at key checkpoints.', NULL, 'proof', true);
INSERT INTO olos_checklist_items (id, objective_id, ordinal, instruction, linked_overlay_id, required_input_type, required) VALUES ('monitoring-records--act--4', 'monitoring-records--act', 4, 'Submit completion proof and request verification.', NULL, 'proof', true);
INSERT INTO olos_checklist_items (id, objective_id, ordinal, instruction, linked_overlay_id, required_input_type, required) VALUES ('monitoring-records--act--5', 'monitoring-records--act', 5, 'Receive verification outcome; address rework or sign off completion.', NULL, 'verification', true);
INSERT INTO olos_checklist_items (id, objective_id, ordinal, instruction, linked_overlay_id, required_input_type, required) VALUES ('monitoring-records--act--6', 'monitoring-records--act', 6, 'Capture first-reading or first-observation for each monitoring point as commissioning proof.', NULL, 'proof', true);

-- ─── objective × overlay m:n (182 rows) ────────
INSERT INTO olos_objective_overlays (objective_id, overlay_id) VALUES ('vision-intent--observe', 'zones');
INSERT INTO olos_objective_overlays (objective_id, overlay_id) VALUES ('vision-intent--observe', 'sectors');
INSERT INTO olos_objective_overlays (objective_id, overlay_id) VALUES ('vision-intent--observe', 'timeline-phasing');
INSERT INTO olos_objective_overlays (objective_id, overlay_id) VALUES ('vision-intent--plan', 'zones');
INSERT INTO olos_objective_overlays (objective_id, overlay_id) VALUES ('vision-intent--plan', 'sectors');
INSERT INTO olos_objective_overlays (objective_id, overlay_id) VALUES ('vision-intent--plan', 'timeline-phasing');
INSERT INTO olos_objective_overlays (objective_id, overlay_id) VALUES ('vision-intent--act', 'zones');
INSERT INTO olos_objective_overlays (objective_id, overlay_id) VALUES ('vision-intent--act', 'sectors');
INSERT INTO olos_objective_overlays (objective_id, overlay_id) VALUES ('vision-intent--act', 'timeline-phasing');
INSERT INTO olos_objective_overlays (objective_id, overlay_id) VALUES ('vision-intent--act', 'roles-responsibility');
INSERT INTO olos_objective_overlays (objective_id, overlay_id) VALUES ('land-base--observe', 'zones');
INSERT INTO olos_objective_overlays (objective_id, overlay_id) VALUES ('land-base--observe', 'access-movement');
INSERT INTO olos_objective_overlays (objective_id, overlay_id) VALUES ('land-base--observe', 'risk-compliance');
INSERT INTO olos_objective_overlays (objective_id, overlay_id) VALUES ('land-base--plan', 'zones');
INSERT INTO olos_objective_overlays (objective_id, overlay_id) VALUES ('land-base--plan', 'access-movement');
INSERT INTO olos_objective_overlays (objective_id, overlay_id) VALUES ('land-base--plan', 'risk-compliance');
INSERT INTO olos_objective_overlays (objective_id, overlay_id) VALUES ('land-base--act', 'zones');
INSERT INTO olos_objective_overlays (objective_id, overlay_id) VALUES ('land-base--act', 'access-movement');
INSERT INTO olos_objective_overlays (objective_id, overlay_id) VALUES ('land-base--act', 'risk-compliance');
INSERT INTO olos_objective_overlays (objective_id, overlay_id) VALUES ('land-base--act', 'roles-responsibility');
INSERT INTO olos_objective_overlays (objective_id, overlay_id) VALUES ('land-base--act', 'timeline-phasing');
INSERT INTO olos_objective_overlays (objective_id, overlay_id) VALUES ('climate--observe', 'sectors');
INSERT INTO olos_objective_overlays (objective_id, overlay_id) VALUES ('climate--observe', 'monitoring-records');
INSERT INTO olos_objective_overlays (objective_id, overlay_id) VALUES ('climate--observe', 'suitability');
INSERT INTO olos_objective_overlays (objective_id, overlay_id) VALUES ('climate--plan', 'sectors');
INSERT INTO olos_objective_overlays (objective_id, overlay_id) VALUES ('climate--plan', 'monitoring-records');
INSERT INTO olos_objective_overlays (objective_id, overlay_id) VALUES ('climate--plan', 'suitability');
INSERT INTO olos_objective_overlays (objective_id, overlay_id) VALUES ('climate--act', 'sectors');
INSERT INTO olos_objective_overlays (objective_id, overlay_id) VALUES ('climate--act', 'monitoring-records');
INSERT INTO olos_objective_overlays (objective_id, overlay_id) VALUES ('climate--act', 'suitability');
INSERT INTO olos_objective_overlays (objective_id, overlay_id) VALUES ('climate--act', 'roles-responsibility');
INSERT INTO olos_objective_overlays (objective_id, overlay_id) VALUES ('climate--act', 'timeline-phasing');
INSERT INTO olos_objective_overlays (objective_id, overlay_id) VALUES ('topography--observe', 'contours-landform');
INSERT INTO olos_objective_overlays (objective_id, overlay_id) VALUES ('topography--observe', 'water-flow');
INSERT INTO olos_objective_overlays (objective_id, overlay_id) VALUES ('topography--observe', 'suitability');
INSERT INTO olos_objective_overlays (objective_id, overlay_id) VALUES ('topography--plan', 'contours-landform');
INSERT INTO olos_objective_overlays (objective_id, overlay_id) VALUES ('topography--plan', 'water-flow');
INSERT INTO olos_objective_overlays (objective_id, overlay_id) VALUES ('topography--plan', 'suitability');
INSERT INTO olos_objective_overlays (objective_id, overlay_id) VALUES ('topography--act', 'contours-landform');
INSERT INTO olos_objective_overlays (objective_id, overlay_id) VALUES ('topography--act', 'water-flow');
INSERT INTO olos_objective_overlays (objective_id, overlay_id) VALUES ('topography--act', 'suitability');
INSERT INTO olos_objective_overlays (objective_id, overlay_id) VALUES ('topography--act', 'roles-responsibility');
INSERT INTO olos_objective_overlays (objective_id, overlay_id) VALUES ('topography--act', 'timeline-phasing');
INSERT INTO olos_objective_overlays (objective_id, overlay_id) VALUES ('hydrology--observe', 'water-flow');
INSERT INTO olos_objective_overlays (objective_id, overlay_id) VALUES ('hydrology--observe', 'contours-landform');
INSERT INTO olos_objective_overlays (objective_id, overlay_id) VALUES ('hydrology--observe', 'soil-conditions');
INSERT INTO olos_objective_overlays (objective_id, overlay_id) VALUES ('hydrology--observe', 'infrastructure-utilities');
INSERT INTO olos_objective_overlays (objective_id, overlay_id) VALUES ('hydrology--plan', 'water-flow');
INSERT INTO olos_objective_overlays (objective_id, overlay_id) VALUES ('hydrology--plan', 'contours-landform');
INSERT INTO olos_objective_overlays (objective_id, overlay_id) VALUES ('hydrology--plan', 'soil-conditions');
INSERT INTO olos_objective_overlays (objective_id, overlay_id) VALUES ('hydrology--plan', 'infrastructure-utilities');
INSERT INTO olos_objective_overlays (objective_id, overlay_id) VALUES ('hydrology--act', 'water-flow');
INSERT INTO olos_objective_overlays (objective_id, overlay_id) VALUES ('hydrology--act', 'contours-landform');
INSERT INTO olos_objective_overlays (objective_id, overlay_id) VALUES ('hydrology--act', 'soil-conditions');
INSERT INTO olos_objective_overlays (objective_id, overlay_id) VALUES ('hydrology--act', 'infrastructure-utilities');
INSERT INTO olos_objective_overlays (objective_id, overlay_id) VALUES ('hydrology--act', 'roles-responsibility');
INSERT INTO olos_objective_overlays (objective_id, overlay_id) VALUES ('hydrology--act', 'timeline-phasing');
INSERT INTO olos_objective_overlays (objective_id, overlay_id) VALUES ('soil--observe', 'soil-conditions');
INSERT INTO olos_objective_overlays (objective_id, overlay_id) VALUES ('soil--observe', 'monitoring-records');
INSERT INTO olos_objective_overlays (objective_id, overlay_id) VALUES ('soil--observe', 'ecology-habitat');
INSERT INTO olos_objective_overlays (objective_id, overlay_id) VALUES ('soil--plan', 'soil-conditions');
INSERT INTO olos_objective_overlays (objective_id, overlay_id) VALUES ('soil--plan', 'monitoring-records');
INSERT INTO olos_objective_overlays (objective_id, overlay_id) VALUES ('soil--plan', 'ecology-habitat');
INSERT INTO olos_objective_overlays (objective_id, overlay_id) VALUES ('soil--act', 'soil-conditions');
INSERT INTO olos_objective_overlays (objective_id, overlay_id) VALUES ('soil--act', 'monitoring-records');
INSERT INTO olos_objective_overlays (objective_id, overlay_id) VALUES ('soil--act', 'ecology-habitat');
INSERT INTO olos_objective_overlays (objective_id, overlay_id) VALUES ('soil--act', 'roles-responsibility');
INSERT INTO olos_objective_overlays (objective_id, overlay_id) VALUES ('soil--act', 'timeline-phasing');
INSERT INTO olos_objective_overlays (objective_id, overlay_id) VALUES ('ecology--observe', 'ecology-habitat');
INSERT INTO olos_objective_overlays (objective_id, overlay_id) VALUES ('ecology--observe', 'sectors');
INSERT INTO olos_objective_overlays (objective_id, overlay_id) VALUES ('ecology--observe', 'risk-compliance');
INSERT INTO olos_objective_overlays (objective_id, overlay_id) VALUES ('ecology--plan', 'ecology-habitat');
INSERT INTO olos_objective_overlays (objective_id, overlay_id) VALUES ('ecology--plan', 'sectors');
INSERT INTO olos_objective_overlays (objective_id, overlay_id) VALUES ('ecology--plan', 'risk-compliance');
INSERT INTO olos_objective_overlays (objective_id, overlay_id) VALUES ('ecology--act', 'ecology-habitat');
INSERT INTO olos_objective_overlays (objective_id, overlay_id) VALUES ('ecology--act', 'sectors');
INSERT INTO olos_objective_overlays (objective_id, overlay_id) VALUES ('ecology--act', 'risk-compliance');
INSERT INTO olos_objective_overlays (objective_id, overlay_id) VALUES ('ecology--act', 'roles-responsibility');
INSERT INTO olos_objective_overlays (objective_id, overlay_id) VALUES ('ecology--act', 'timeline-phasing');
INSERT INTO olos_objective_overlays (objective_id, overlay_id) VALUES ('plants-food--observe', 'zones');
INSERT INTO olos_objective_overlays (objective_id, overlay_id) VALUES ('plants-food--observe', 'soil-conditions');
INSERT INTO olos_objective_overlays (objective_id, overlay_id) VALUES ('plants-food--observe', 'water-flow');
INSERT INTO olos_objective_overlays (objective_id, overlay_id) VALUES ('plants-food--observe', 'resource-flows');
INSERT INTO olos_objective_overlays (objective_id, overlay_id) VALUES ('plants-food--plan', 'zones');
INSERT INTO olos_objective_overlays (objective_id, overlay_id) VALUES ('plants-food--plan', 'soil-conditions');
INSERT INTO olos_objective_overlays (objective_id, overlay_id) VALUES ('plants-food--plan', 'water-flow');
INSERT INTO olos_objective_overlays (objective_id, overlay_id) VALUES ('plants-food--plan', 'resource-flows');
INSERT INTO olos_objective_overlays (objective_id, overlay_id) VALUES ('plants-food--act', 'zones');
INSERT INTO olos_objective_overlays (objective_id, overlay_id) VALUES ('plants-food--act', 'soil-conditions');
INSERT INTO olos_objective_overlays (objective_id, overlay_id) VALUES ('plants-food--act', 'water-flow');
INSERT INTO olos_objective_overlays (objective_id, overlay_id) VALUES ('plants-food--act', 'resource-flows');
INSERT INTO olos_objective_overlays (objective_id, overlay_id) VALUES ('plants-food--act', 'roles-responsibility');
INSERT INTO olos_objective_overlays (objective_id, overlay_id) VALUES ('plants-food--act', 'timeline-phasing');
INSERT INTO olos_objective_overlays (objective_id, overlay_id) VALUES ('animals-livestock--observe', 'zones');
INSERT INTO olos_objective_overlays (objective_id, overlay_id) VALUES ('animals-livestock--observe', 'access-movement');
INSERT INTO olos_objective_overlays (objective_id, overlay_id) VALUES ('animals-livestock--observe', 'infrastructure-utilities');
INSERT INTO olos_objective_overlays (objective_id, overlay_id) VALUES ('animals-livestock--observe', 'ecology-habitat');
INSERT INTO olos_objective_overlays (objective_id, overlay_id) VALUES ('animals-livestock--plan', 'zones');
INSERT INTO olos_objective_overlays (objective_id, overlay_id) VALUES ('animals-livestock--plan', 'access-movement');
INSERT INTO olos_objective_overlays (objective_id, overlay_id) VALUES ('animals-livestock--plan', 'infrastructure-utilities');
INSERT INTO olos_objective_overlays (objective_id, overlay_id) VALUES ('animals-livestock--plan', 'ecology-habitat');
INSERT INTO olos_objective_overlays (objective_id, overlay_id) VALUES ('animals-livestock--act', 'zones');
INSERT INTO olos_objective_overlays (objective_id, overlay_id) VALUES ('animals-livestock--act', 'access-movement');
INSERT INTO olos_objective_overlays (objective_id, overlay_id) VALUES ('animals-livestock--act', 'infrastructure-utilities');
INSERT INTO olos_objective_overlays (objective_id, overlay_id) VALUES ('animals-livestock--act', 'ecology-habitat');
INSERT INTO olos_objective_overlays (objective_id, overlay_id) VALUES ('animals-livestock--act', 'roles-responsibility');
INSERT INTO olos_objective_overlays (objective_id, overlay_id) VALUES ('animals-livestock--act', 'timeline-phasing');
INSERT INTO olos_objective_overlays (objective_id, overlay_id) VALUES ('built-infrastructure--observe', 'infrastructure-utilities');
INSERT INTO olos_objective_overlays (objective_id, overlay_id) VALUES ('built-infrastructure--observe', 'access-movement');
INSERT INTO olos_objective_overlays (objective_id, overlay_id) VALUES ('built-infrastructure--observe', 'risk-compliance');
INSERT INTO olos_objective_overlays (objective_id, overlay_id) VALUES ('built-infrastructure--plan', 'infrastructure-utilities');
INSERT INTO olos_objective_overlays (objective_id, overlay_id) VALUES ('built-infrastructure--plan', 'access-movement');
INSERT INTO olos_objective_overlays (objective_id, overlay_id) VALUES ('built-infrastructure--plan', 'risk-compliance');
INSERT INTO olos_objective_overlays (objective_id, overlay_id) VALUES ('built-infrastructure--act', 'infrastructure-utilities');
INSERT INTO olos_objective_overlays (objective_id, overlay_id) VALUES ('built-infrastructure--act', 'access-movement');
INSERT INTO olos_objective_overlays (objective_id, overlay_id) VALUES ('built-infrastructure--act', 'risk-compliance');
INSERT INTO olos_objective_overlays (objective_id, overlay_id) VALUES ('built-infrastructure--act', 'roles-responsibility');
INSERT INTO olos_objective_overlays (objective_id, overlay_id) VALUES ('built-infrastructure--act', 'timeline-phasing');
INSERT INTO olos_objective_overlays (objective_id, overlay_id) VALUES ('access-circulation--observe', 'access-movement');
INSERT INTO olos_objective_overlays (objective_id, overlay_id) VALUES ('access-circulation--observe', 'zones');
INSERT INTO olos_objective_overlays (objective_id, overlay_id) VALUES ('access-circulation--observe', 'risk-compliance');
INSERT INTO olos_objective_overlays (objective_id, overlay_id) VALUES ('access-circulation--plan', 'access-movement');
INSERT INTO olos_objective_overlays (objective_id, overlay_id) VALUES ('access-circulation--plan', 'zones');
INSERT INTO olos_objective_overlays (objective_id, overlay_id) VALUES ('access-circulation--plan', 'risk-compliance');
INSERT INTO olos_objective_overlays (objective_id, overlay_id) VALUES ('access-circulation--act', 'access-movement');
INSERT INTO olos_objective_overlays (objective_id, overlay_id) VALUES ('access-circulation--act', 'zones');
INSERT INTO olos_objective_overlays (objective_id, overlay_id) VALUES ('access-circulation--act', 'risk-compliance');
INSERT INTO olos_objective_overlays (objective_id, overlay_id) VALUES ('access-circulation--act', 'roles-responsibility');
INSERT INTO olos_objective_overlays (objective_id, overlay_id) VALUES ('access-circulation--act', 'timeline-phasing');
INSERT INTO olos_objective_overlays (objective_id, overlay_id) VALUES ('energy-resources--observe', 'resource-flows');
INSERT INTO olos_objective_overlays (objective_id, overlay_id) VALUES ('energy-resources--observe', 'infrastructure-utilities');
INSERT INTO olos_objective_overlays (objective_id, overlay_id) VALUES ('energy-resources--observe', 'sectors');
INSERT INTO olos_objective_overlays (objective_id, overlay_id) VALUES ('energy-resources--plan', 'resource-flows');
INSERT INTO olos_objective_overlays (objective_id, overlay_id) VALUES ('energy-resources--plan', 'infrastructure-utilities');
INSERT INTO olos_objective_overlays (objective_id, overlay_id) VALUES ('energy-resources--plan', 'sectors');
INSERT INTO olos_objective_overlays (objective_id, overlay_id) VALUES ('energy-resources--act', 'resource-flows');
INSERT INTO olos_objective_overlays (objective_id, overlay_id) VALUES ('energy-resources--act', 'infrastructure-utilities');
INSERT INTO olos_objective_overlays (objective_id, overlay_id) VALUES ('energy-resources--act', 'sectors');
INSERT INTO olos_objective_overlays (objective_id, overlay_id) VALUES ('energy-resources--act', 'roles-responsibility');
INSERT INTO olos_objective_overlays (objective_id, overlay_id) VALUES ('energy-resources--act', 'timeline-phasing');
INSERT INTO olos_objective_overlays (objective_id, overlay_id) VALUES ('people-governance--observe', 'roles-responsibility');
INSERT INTO olos_objective_overlays (objective_id, overlay_id) VALUES ('people-governance--observe', 'zones');
INSERT INTO olos_objective_overlays (objective_id, overlay_id) VALUES ('people-governance--observe', 'stewardship-intensity');
INSERT INTO olos_objective_overlays (objective_id, overlay_id) VALUES ('people-governance--plan', 'roles-responsibility');
INSERT INTO olos_objective_overlays (objective_id, overlay_id) VALUES ('people-governance--plan', 'zones');
INSERT INTO olos_objective_overlays (objective_id, overlay_id) VALUES ('people-governance--plan', 'stewardship-intensity');
INSERT INTO olos_objective_overlays (objective_id, overlay_id) VALUES ('people-governance--act', 'roles-responsibility');
INSERT INTO olos_objective_overlays (objective_id, overlay_id) VALUES ('people-governance--act', 'zones');
INSERT INTO olos_objective_overlays (objective_id, overlay_id) VALUES ('people-governance--act', 'stewardship-intensity');
INSERT INTO olos_objective_overlays (objective_id, overlay_id) VALUES ('people-governance--act', 'timeline-phasing');
INSERT INTO olos_objective_overlays (objective_id, overlay_id) VALUES ('economics-capacity--observe', 'timeline-phasing');
INSERT INTO olos_objective_overlays (objective_id, overlay_id) VALUES ('economics-capacity--observe', 'stewardship-intensity');
INSERT INTO olos_objective_overlays (objective_id, overlay_id) VALUES ('economics-capacity--observe', 'resource-flows');
INSERT INTO olos_objective_overlays (objective_id, overlay_id) VALUES ('economics-capacity--plan', 'timeline-phasing');
INSERT INTO olos_objective_overlays (objective_id, overlay_id) VALUES ('economics-capacity--plan', 'stewardship-intensity');
INSERT INTO olos_objective_overlays (objective_id, overlay_id) VALUES ('economics-capacity--plan', 'resource-flows');
INSERT INTO olos_objective_overlays (objective_id, overlay_id) VALUES ('economics-capacity--act', 'timeline-phasing');
INSERT INTO olos_objective_overlays (objective_id, overlay_id) VALUES ('economics-capacity--act', 'stewardship-intensity');
INSERT INTO olos_objective_overlays (objective_id, overlay_id) VALUES ('economics-capacity--act', 'resource-flows');
INSERT INTO olos_objective_overlays (objective_id, overlay_id) VALUES ('economics-capacity--act', 'roles-responsibility');
INSERT INTO olos_objective_overlays (objective_id, overlay_id) VALUES ('risk-compliance--observe', 'risk-compliance');
INSERT INTO olos_objective_overlays (objective_id, overlay_id) VALUES ('risk-compliance--observe', 'monitoring-records');
INSERT INTO olos_objective_overlays (objective_id, overlay_id) VALUES ('risk-compliance--observe', 'sectors');
INSERT INTO olos_objective_overlays (objective_id, overlay_id) VALUES ('risk-compliance--plan', 'risk-compliance');
INSERT INTO olos_objective_overlays (objective_id, overlay_id) VALUES ('risk-compliance--plan', 'monitoring-records');
INSERT INTO olos_objective_overlays (objective_id, overlay_id) VALUES ('risk-compliance--plan', 'sectors');
INSERT INTO olos_objective_overlays (objective_id, overlay_id) VALUES ('risk-compliance--act', 'risk-compliance');
INSERT INTO olos_objective_overlays (objective_id, overlay_id) VALUES ('risk-compliance--act', 'monitoring-records');
INSERT INTO olos_objective_overlays (objective_id, overlay_id) VALUES ('risk-compliance--act', 'sectors');
INSERT INTO olos_objective_overlays (objective_id, overlay_id) VALUES ('risk-compliance--act', 'roles-responsibility');
INSERT INTO olos_objective_overlays (objective_id, overlay_id) VALUES ('risk-compliance--act', 'timeline-phasing');
INSERT INTO olos_objective_overlays (objective_id, overlay_id) VALUES ('monitoring-records--observe', 'monitoring-records');
INSERT INTO olos_objective_overlays (objective_id, overlay_id) VALUES ('monitoring-records--observe', 'zones');
INSERT INTO olos_objective_overlays (objective_id, overlay_id) VALUES ('monitoring-records--observe', 'stewardship-intensity');
INSERT INTO olos_objective_overlays (objective_id, overlay_id) VALUES ('monitoring-records--plan', 'monitoring-records');
INSERT INTO olos_objective_overlays (objective_id, overlay_id) VALUES ('monitoring-records--plan', 'zones');
INSERT INTO olos_objective_overlays (objective_id, overlay_id) VALUES ('monitoring-records--plan', 'stewardship-intensity');
INSERT INTO olos_objective_overlays (objective_id, overlay_id) VALUES ('monitoring-records--act', 'monitoring-records');
INSERT INTO olos_objective_overlays (objective_id, overlay_id) VALUES ('monitoring-records--act', 'zones');
INSERT INTO olos_objective_overlays (objective_id, overlay_id) VALUES ('monitoring-records--act', 'stewardship-intensity');
INSERT INTO olos_objective_overlays (objective_id, overlay_id) VALUES ('monitoring-records--act', 'roles-responsibility');
INSERT INTO olos_objective_overlays (objective_id, overlay_id) VALUES ('monitoring-records--act', 'timeline-phasing');
